case_type,amount_due,days_overdue,npa_status,payment_history_score,total_past_defaults,failure_reason,recovered
transaction,8175.89,31,SMA-1,0.3798,2,insufficient_funds,0
loan,26304.6,27,SMA-0,0.8131,1,insufficient_funds,1
loan,43454.63,13,SMA-0,0.3248,3,bank_downtime,1
transaction,7130.09,55,SMA-1,0.7155,1,card_declined,0
transaction,17458.17,41,SMA-1,0.2748,3,bank_downtime,0
transaction,2218.62,91,NPA,0.9031,0,bank_downtime,0
transaction,15647.57,2,SMA-0,0.611,3,otp_failure,1
loan,43139.64,59,SMA-1,0.2691,1,insufficient_funds,0
loan,13181.79,75,SMA-2,0.2825,2,missed_emi,0
loan,24365.59,74,SMA-2,0.8168,0,insufficient_funds,0
transaction,3727.25,94,NPA,0.5752,2,otp_failure,0
loan,36797.19,70,SMA-2,0.3871,3,missed_emi,0
loan,29090.65,102,SMA-2,0.2657,2,insufficient_funds,0
transaction,12888.81,27,SMA-0,0.34,2,bank_downtime,0
transaction,4331.5,43,SMA-0,0.4498,4,insufficient_funds,0
transaction,4629.04,1,SMA-0,0.1313,4,card_declined,0
transaction,1309.2,0,Standard,0.6265,3,insufficient_funds,1
transaction,6780.32,19,SMA-0,0.3989,4,card_declined,0
transaction,11415.02,7,SMA-0,0.8065,0,otp_failure,1
transaction,17229.73,20,SMA-0,0.614,0,insufficient_funds,0
loan,35011.74,13,SMA-0,0.2771,3,missed_emi,0
transaction,8990.23,2,SMA-0,0.9462,0,otp_failure,1
transaction,19085.84,99,NPA,0.6455,1,insufficient_funds,0
transaction,14525.28,0,Standard,0.2342,3,insufficient_funds,0
transaction,18638.22,71,SMA-2,0.8116,2,card_declined,0
loan,28741.46,11,Standard,0.9149,0,bank_downtime,1
transaction,5548.63,99,NPA,0.6284,1,otp_failure,0
transaction,1530.12,96,NPA,0.3349,3,card_declined,0
transaction,14658.65,60,SMA-1,0.8952,2,insufficient_funds,0
transaction,2865.41,63,SMA-2,0.38,4,otp_failure,0
loan,18624.88,0,Standard,0.6124,1,missed_emi,1
transaction,10883.18,116,SMA-2,0.454,0,insufficient_funds,0
transaction,11506.12,93,NPA,0.5019,2,insufficient_funds,0
loan,32026.24,96,SMA-2,0.7416,3,missed_emi,0
loan,12481.49,61,SMA-2,0.8861,0,bank_downtime,0
loan,22088.18,28,SMA-0,0.9094,1,missed_emi,0
transaction,12535.29,96,NPA,0.6651,1,otp_failure,0
transaction,19411.47,23,SMA-0,0.5445,0,otp_failure,1
loan,37743.4,50,SMA-0,0.7755,1,insufficient_funds,0
transaction,18490.77,7,SMA-0,0.5136,3,card_declined,0
transaction,15363.14,101,NPA,0.5703,5,otp_failure,0
transaction,12038.48,10,SMA-0,0.3332,4,card_declined,0
transaction,4244.46,17,SMA-0,0.733,1,bank_downtime,1
loan,35000.85,49,SMA-1,0.8218,0,missed_emi,0
transaction,12655.9,75,SMA-2,0.7088,2,insufficient_funds,0
loan,32111.11,56,SMA-1,0.4307,0,insufficient_funds,0
transaction,10050.82,18,SMA-0,0.3281,5,card_declined,0
transaction,10808.8,0,Standard,0.7546,1,card_declined,1
transaction,7021.63,74,SMA-2,0.4589,4,bank_downtime,0
transaction,10626.6,116,NPA,0.7398,2,card_declined,0
loan,13890.02,82,SMA-1,0.7756,0,bank_downtime,0
loan,41232.85,39,SMA-1,0.5263,1,insufficient_funds,0
loan,13359.96,98,NPA,0.778,1,missed_emi,0
loan,8823.48,34,SMA-0,0.9096,0,insufficient_funds,1
transaction,9006.8,46,SMA-1,0.764,1,insufficient_funds,0
loan,34623.83,41,SMA-1,0.8269,0,insufficient_funds,1
transaction,9035.48,38,SMA-1,0.6919,1,card_declined,0
transaction,5896.71,76,SMA-2,0.7773,0,bank_downtime,0
transaction,11384.34,46,SMA-1,0.9037,3,otp_failure,1
transaction,7266.55,25,SMA-0,0.5695,2,card_declined,1
transaction,18690.92,20,SMA-0,0.6975,2,card_declined,0
transaction,18491.58,2,SMA-0,0.6813,0,bank_downtime,1
loan,27606.73,52,SMA-1,0.504,3,bank_downtime,0
transaction,6893.74,18,SMA-0,0.3629,2,card_declined,0
transaction,14874.08,11,SMA-0,0.4201,2,card_declined,0
transaction,1215.9,60,SMA-1,0.5596,2,card_declined,1
transaction,9758.0,64,SMA-2,0.8603,2,card_declined,0
loan,20134.55,73,SMA-2,0.4839,2,insufficient_funds,0
transaction,18450.45,43,SMA-1,0.5155,1,insufficient_funds,0
loan,5540.14,96,SMA-2,0.5137,3,missed_emi,0
loan,29876.67,104,SMA-2,0.7331,1,missed_emi,0
transaction,14942.94,81,SMA-2,0.9173,0,card_declined,0
transaction,9957.85,58,SMA-1,0.2187,3,insufficient_funds,0
loan,8843.14,24,SMA-0,0.8615,0,insufficient_funds,0
loan,48760.76,116,SMA-2,0.6916,1,insufficient_funds,0
loan,28310.47,22,SMA-0,0.7507,1,insufficient_funds,1
loan,32638.38,16,SMA-0,0.7669,1,insufficient_funds,0
transaction,5113.89,37,SMA-1,0.7515,1,otp_failure,1
transaction,9928.21,4,SMA-0,0.2094,3,card_declined,1
transaction,8868.42,114,NPA,0.5232,3,bank_downtime,0
loan,8370.31,53,SMA-1,0.5709,4,missed_emi,0
loan,9777.22,49,SMA-1,0.2226,2,missed_emi,0
transaction,16830.71,61,SMA-2,0.146,5,insufficient_funds,0
transaction,5176.49,43,SMA-1,0.7206,3,card_declined,0
transaction,4301.69,2,SMA-0,0.3462,3,card_declined,1
transaction,10345.77,55,SMA-1,0.6074,5,insufficient_funds,0
loan,39593.62,68,SMA-2,0.591,2,missed_emi,0
loan,7787.59,35,SMA-1,0.6273,2,missed_emi,0
loan,30956.36,74,SMA-2,0.9478,1,missed_emi,1
transaction,2824.6,18,SMA-0,0.4159,2,card_declined,1
transaction,1210.99,17,SMA-0,0.7902,1,otp_failure,1
loan,7373.48,12,SMA-0,0.8764,0,insufficient_funds,0
loan,42537.38,31,SMA-1,0.5282,1,insufficient_funds,0
transaction,2800.46,87,SMA-2,0.8897,0,otp_failure,1
loan,7031.81,84,SMA-2,0.6506,2,insufficient_funds,0
transaction,9039.05,32,SMA-1,0.4804,2,otp_failure,0
transaction,16957.87,53,SMA-1,0.8583,0,card_declined,0
transaction,5616.96,69,SMA-2,0.3642,3,card_declined,0
transaction,8723.4,19,SMA-0,0.2981,2,card_declined,1
transaction,1278.49,13,SMA-0,0.3996,3,insufficient_funds,0
transaction,9257.03,113,NPA,0.7289,2,insufficient_funds,0
loan,30992.59,56,SMA-1,0.6559,2,insufficient_funds,0
transaction,11632.69,115,NPA,0.5381,2,card_declined,0
transaction,6982.32,27,SMA-0,0.7445,5,card_declined,0
loan,19198.99,66,SMA-1,0.3558,4,insufficient_funds,0
transaction,2579.16,17,Standard,0.6869,0,otp_failure,1
transaction,7652.57,21,SMA-0,0.4352,2,insufficient_funds,0
loan,9477.26,44,SMA-1,0.5719,1,missed_emi,0
transaction,15448.62,26,SMA-0,0.4598,2,card_declined,0
transaction,19342.35,13,SMA-0,0.5753,3,card_declined,0
transaction,19416.45,21,SMA-0,0.6947,0,insufficient_funds,1
transaction,17368.89,2,SMA-0,0.0417,5,otp_failure,0
loan,32035.65,67,SMA-1,0.6568,1,bank_downtime,0
loan,36538.96,42,SMA-1,0.7968,2,missed_emi,0
loan,17834.26,7,SMA-0,0.7987,0,insufficient_funds,0
loan,33384.67,13,SMA-0,0.621,0,insufficient_funds,0
loan,25504.23,7,SMA-0,0.5368,2,missed_emi,0
transaction,9899.34,55,SMA-0,0.8989,1,card_declined,0
loan,39099.95,7,SMA-0,0.5988,3,missed_emi,0
transaction,5997.41,73,SMA-2,0.6423,1,insufficient_funds,0
loan,19311.78,1,SMA-0,0.4136,1,bank_downtime,1
loan,46608.88,20,SMA-0,0.8076,0,missed_emi,0
transaction,1596.37,95,NPA,0.7059,2,bank_downtime,0
transaction,9969.87,69,SMA-2,0.3155,2,card_declined,0
transaction,18299.62,5,SMA-0,0.836,1,insufficient_funds,0
transaction,12402.08,83,SMA-2,0.8655,0,card_declined,0
loan,29588.32,42,SMA-1,0.6575,1,missed_emi,1
loan,16238.49,87,SMA-2,0.4149,2,missed_emi,0
transaction,7193.87,54,SMA-0,0.8187,2,bank_downtime,1
transaction,17114.94,64,SMA-2,0.7585,2,bank_downtime,0
transaction,11404.75,119,NPA,0.2002,4,insufficient_funds,0
transaction,10537.47,18,SMA-1,0.6562,1,card_declined,0
transaction,2441.8,57,SMA-0,0.398,2,otp_failure,0
transaction,812.55,39,SMA-1,0.8834,5,card_declined,0
loan,48365.83,3,SMA-0,0.5057,1,missed_emi,0
transaction,7851.23,1,SMA-0,0.5198,2,insufficient_funds,0
transaction,12262.65,9,SMA-0,0.2021,2,otp_failure,0
loan,8587.18,60,SMA-1,0.6329,1,missed_emi,0
transaction,13820.73,50,SMA-1,0.7772,1,insufficient_funds,1
loan,46965.5,49,SMA-1,0.7113,3,insufficient_funds,0
loan,30904.94,2,SMA-0,0.3071,5,missed_emi,0
transaction,2959.25,40,SMA-2,0.3136,3,card_declined,0
transaction,11843.57,102,NPA,0.637,0,bank_downtime,0
transaction,15443.77,33,SMA-1,0.8021,1,card_declined,1
transaction,8425.12,57,SMA-1,0.6729,1,bank_downtime,0
transaction,17656.84,77,NPA,0.4626,5,card_declined,0
loan,34190.73,78,SMA-2,0.7649,0,insufficient_funds,0
transaction,18035.35,45,SMA-1,0.5296,1,otp_failure,0
transaction,12658.35,89,NPA,0.7262,1,otp_failure,1
transaction,3060.12,32,SMA-1,0.2329,4,bank_downtime,0
loan,18936.13,95,NPA,0.8411,0,bank_downtime,1
transaction,4435.0,19,Standard,0.5584,2,card_declined,1
transaction,18222.12,22,SMA-1,0.7722,1,card_declined,1
transaction,15327.8,4,SMA-0,0.7758,1,card_declined,0
loan,35437.93,79,SMA-2,0.4933,1,insufficient_funds,0
transaction,6368.84,35,SMA-1,0.6403,2,insufficient_funds,0
loan,13282.01,18,SMA-0,0.9483,0,missed_emi,1
loan,39040.3,18,SMA-0,0.6188,1,insufficient_funds,0
transaction,9746.08,97,NPA,0.5794,3,card_declined,0
loan,15160.53,85,SMA-2,0.8722,0,missed_emi,1
transaction,12524.13,49,SMA-1,0.7102,2,card_declined,0
loan,6815.02,56,SMA-1,0.63,2,insufficient_funds,0
loan,19677.66,40,SMA-1,0.3947,1,insufficient_funds,0
transaction,9636.86,32,SMA-1,0.704,2,otp_failure,0
transaction,3385.19,100,NPA,0.4969,2,insufficient_funds,0
loan,49309.45,9,SMA-0,0.8971,1,bank_downtime,1
transaction,4577.4,35,SMA-1,0.5664,3,insufficient_funds,1
transaction,3041.89,28,SMA-0,0.5106,3,card_declined,0
transaction,4468.93,43,SMA-1,0.7648,1,card_declined,1
transaction,15496.69,39,SMA-1,0.8131,0,bank_downtime,1
loan,24147.75,45,SMA-1,0.7797,1,bank_downtime,1
transaction,11525.61,10,SMA-0,0.7932,2,card_declined,0
transaction,909.68,44,SMA-1,0.781,3,card_declined,0
transaction,1171.41,19,SMA-0,0.2084,1,insufficient_funds,1
loan,25062.15,14,SMA-1,0.4816,0,insufficient_funds,0
transaction,16424.78,4,SMA-0,0.7256,2,otp_failure,1
loan,44835.75,75,SMA-2,0.3589,3,missed_emi,0
transaction,2190.78,36,SMA-1,0.7819,1,card_declined,0
loan,29226.34,57,SMA-1,0.8036,0,bank_downtime,0
transaction,18307.98,70,SMA-2,0.3867,3,insufficient_funds,0
transaction,8065.47,63,SMA-2,0.4329,4,bank_downtime,0
transaction,16676.53,40,SMA-1,0.4558,5,bank_downtime,0
loan,11016.3,32,SMA-1,0.8112,0,insufficient_funds,0
loan,47092.75,31,SMA-1,0.4452,4,insufficient_funds,0
transaction,15152.75,59,SMA-1,0.4136,2,card_declined,0
loan,47360.05,43,SMA-1,0.7342,2,bank_downtime,0
loan,35447.78,88,SMA-2,0.6495,1,missed_emi,0
transaction,7586.38,92,NPA,0.6206,2,card_declined,0
transaction,18794.53,13,SMA-0,0.5973,2,insufficient_funds,1
transaction,5873.55,10,SMA-0,0.722,1,insufficient_funds,1
transaction,6977.36,58,SMA-2,0.5407,4,card_declined,0
loan,36536.38,24,SMA-0,0.5039,1,missed_emi,0
loan,39439.23,1,SMA-0,0.4,5,missed_emi,0
loan,46823.16,95,NPA,0.845,0,insufficient_funds,0
transaction,4493.65,18,SMA-0,0.4789,0,otp_failure,1
transaction,16060.96,103,NPA,0.1428,5,bank_downtime,0
loan,38234.57,68,SMA-2,0.5642,2,insufficient_funds,0
loan,7870.76,75,SMA-1,0.4136,2,bank_downtime,0
loan,22425.04,15,SMA-0,0.8657,0,insufficient_funds,1
loan,17724.45,18,SMA-0,0.7865,1,bank_downtime,1
loan,18702.07,45,SMA-1,0.5218,2,insufficient_funds,0
transaction,19667.46,13,SMA-0,0.4034,2,bank_downtime,1
transaction,13034.16,24,SMA-0,0.9103,0,bank_downtime,1
loan,37295.43,26,SMA-0,0.4481,2,insufficient_funds,0
loan,48947.79,12,SMA-0,0.8429,3,insufficient_funds,1
transaction,7855.43,16,SMA-0,0.8302,1,insufficient_funds,1
transaction,16135.88,78,SMA-2,0.3645,3,insufficient_funds,0
loan,24553.89,13,SMA-0,0.7118,1,insufficient_funds,0
transaction,17455.91,2,SMA-0,0.6489,1,otp_failure,0
transaction,4022.82,57,SMA-1,0.666,1,bank_downtime,1
transaction,18979.88,114,SMA-2,0.6758,1,card_declined,0
loan,14844.73,27,SMA-0,0.7991,2,missed_emi,1
loan,19679.92,9,Standard,0.7726,2,missed_emi,1
transaction,15245.75,51,SMA-1,0.3977,3,otp_failure,0
loan,22718.98,98,NPA,0.4969,2,insufficient_funds,0
transaction,12360.12,78,SMA-2,0.9049,0,card_declined,0
transaction,9169.18,57,SMA-0,0.8551,1,card_declined,0
loan,38406.65,25,SMA-0,0.8691,1,bank_downtime,0
loan,15274.91,48,SMA-1,0.1903,4,insufficient_funds,0
loan,7630.61,7,SMA-0,0.711,0,insufficient_funds,1
loan,18496.82,63,SMA-1,0.8816,1,missed_emi,0
transaction,9749.02,69,NPA,0.5984,2,card_declined,0
transaction,3776.39,111,SMA-2,0.8758,0,card_declined,0
transaction,7418.55,21,SMA-1,0.608,0,insufficient_funds,1
transaction,8299.67,1,SMA-0,0.3545,4,card_declined,0
transaction,1619.14,48,SMA-1,0.5764,2,insufficient_funds,0
loan,31248.83,67,SMA-2,0.317,4,insufficient_funds,0
transaction,17744.7,79,SMA-2,0.4797,1,insufficient_funds,0
loan,11828.43,15,SMA-0,0.3914,1,insufficient_funds,0
loan,31901.36,21,Standard,0.7951,0,missed_emi,1
loan,34913.26,44,SMA-1,0.1969,4,insufficient_funds,0
transaction,8677.03,27,SMA-0,0.6699,1,insufficient_funds,0
transaction,14171.4,90,SMA-1,0.8851,1,card_declined,0
transaction,8509.27,40,SMA-1,0.7149,2,insufficient_funds,0
transaction,10340.43,80,SMA-2,0.8646,4,insufficient_funds,0
loan,5330.89,52,SMA-1,0.8513,0,missed_emi,0
transaction,13988.54,76,SMA-2,0.8679,0,insufficient_funds,0
transaction,13396.18,27,SMA-0,0.9562,0,insufficient_funds,0
loan,6728.04,85,SMA-2,0.341,3,insufficient_funds,0
transaction,7680.88,22,SMA-0,0.4773,2,insufficient_funds,0
loan,49056.43,48,SMA-2,0.8125,1,bank_downtime,0
loan,23933.15,17,SMA-0,0.4556,1,insufficient_funds,0
loan,27587.54,41,SMA-1,0.6069,0,insufficient_funds,1
transaction,18243.64,26,SMA-1,0.8305,0,card_declined,1
transaction,14486.61,21,SMA-0,0.8988,0,insufficient_funds,1
loan,31193.16,111,NPA,0.5684,3,insufficient_funds,0
transaction,16057.19,12,SMA-0,0.8317,1,otp_failure,1
loan,43896.48,78,SMA-2,0.8381,0,missed_emi,0
loan,25559.96,116,NPA,0.6378,2,insufficient_funds,0
loan,26379.88,1,SMA-0,0.8888,0,bank_downtime,1
transaction,8027.99,66,SMA-2,0.4434,2,card_declined,0
transaction,19350.77,20,SMA-0,0.3953,2,card_declined,1
loan,36372.48,3,SMA-0,0.5198,3,insufficient_funds,0
transaction,2122.85,33,SMA-1,0.662,0,card_declined,1
transaction,17327.71,104,NPA,0.6933,1,bank_downtime,0
transaction,9870.92,0,Standard,0.5737,1,insufficient_funds,0
loan,8093.93,53,SMA-1,0.6995,1,missed_emi,0
loan,29737.28,43,SMA-1,0.9416,1,missed_emi,0
transaction,8634.7,92,NPA,0.5756,3,card_declined,0
transaction,17616.11,6,SMA-0,0.6812,2,insufficient_funds,0
loan,14179.76,64,SMA-2,0.615,3,missed_emi,0
loan,42190.91,64,SMA-2,0.9578,1,bank_downtime,1
transaction,11374.93,62,SMA-2,0.4214,2,card_declined,0
transaction,1564.9,106,NPA,0.8552,0,insufficient_funds,0
loan,48733.04,84,SMA-2,0.4606,2,bank_downtime,0
loan,28067.69,3,SMA-0,0.4958,2,insufficient_funds,0
loan,18089.46,40,SMA-1,0.3596,3,insufficient_funds,0
loan,26123.31,33,SMA-1,0.8207,1,missed_emi,0
transaction,17228.23,25,SMA-0,0.7002,0,insufficient_funds,1
transaction,6445.61,38,SMA-1,0.6275,2,insufficient_funds,0
loan,13670.44,32,SMA-1,0.8182,0,missed_emi,1
loan,10808.21,36,SMA-1,0.5582,0,missed_emi,0
loan,18403.67,115,NPA,0.7464,1,missed_emi,0
loan,40102.16,6,SMA-0,0.8848,0,insufficient_funds,1
transaction,9696.71,101,NPA,0.5392,0,bank_downtime,0
transaction,4935.89,41,SMA-1,0.4995,2,bank_downtime,0
loan,12478.32,57,SMA-1,0.6935,1,insufficient_funds,0
loan,19972.83,85,SMA-2,0.8713,0,insufficient_funds,0
loan,47296.6,29,SMA-0,0.7265,2,missed_emi,0
loan,20436.2,36,SMA-2,0.6573,1,insufficient_funds,0
loan,49465.58,34,SMA-2,0.5583,3,missed_emi,0
transaction,9961.99,31,SMA-1,0.8433,0,insufficient_funds,0
transaction,3993.7,102,SMA-2,0.7673,1,card_declined,1
transaction,17877.23,85,SMA-2,0.6371,2,insufficient_funds,0
transaction,9476.93,8,SMA-0,0.7189,2,otp_failure,0
transaction,14338.59,8,SMA-0,0.6852,2,insufficient_funds,0
transaction,19682.38,36,SMA-1,0.3032,2,insufficient_funds,0
transaction,1478.42,7,Standard,0.6761,0,card_declined,1
transaction,2385.54,56,SMA-1,0.7235,1,card_declined,1
transaction,14548.91,11,SMA-1,0.8762,0,card_declined,0
transaction,5995.59,45,SMA-1,0.7439,3,card_declined,0
transaction,4093.88,0,Standard,0.6659,1,insufficient_funds,1
loan,6771.28,25,SMA-0,0.4448,2,missed_emi,0
transaction,926.01,63,SMA-2,0.6023,1,card_declined,0
transaction,15602.47,41,SMA-1,0.1835,4,otp_failure,0
transaction,3121.45,114,NPA,0.3418,2,insufficient_funds,0
loan,26047.43,92,SMA-2,0.2552,5,missed_emi,0
transaction,12314.99,29,SMA-0,0.7181,1,card_declined,0
loan,24275.83,3,SMA-0,0.6611,2,insufficient_funds,1
transaction,1028.58,87,SMA-2,0.7787,1,insufficient_funds,0
transaction,15778.28,99,SMA-2,0.3295,4,card_declined,0
transaction,705.01,83,SMA-2,0.6045,0,card_declined,1
transaction,15356.85,9,SMA-0,0.5558,3,card_declined,0
loan,45198.7,120,NPA,0.7874,1,insufficient_funds,0
loan,24477.8,20,SMA-0,0.5619,2,missed_emi,0
loan,29099.41,69,SMA-2,0.4516,1,missed_emi,0
transaction,9801.18,98,NPA,0.8145,1,insufficient_funds,0
transaction,8089.57,18,Standard,0.8768,0,card_declined,1
loan,44934.1,99,NPA,0.5941,1,missed_emi,0
transaction,17931.7,25,SMA-0,0.2422,2,card_declined,0
transaction,7048.42,114,SMA-2,0.7429,0,bank_downtime,0
transaction,12493.86,22,SMA-0,0.4986,2,otp_failure,0
transaction,18574.7,108,NPA,0.2706,3,card_declined,0
loan,48292.63,4,SMA-0,0.4048,1,insufficient_funds,0
loan,27903.16,67,SMA-2,0.8176,0,bank_downtime,0
loan,25377.12,46,SMA-1,0.5341,2,insufficient_funds,0
transaction,5934.54,41,SMA-1,0.7042,1,card_declined,1
transaction,19198.0,17,SMA-0,0.2847,3,insufficient_funds,0
transaction,3284.88,67,SMA-2,0.6396,1,card_declined,0
transaction,11806.68,15,SMA-0,0.6036,1,otp_failure,1
transaction,6009.73,49,SMA-1,0.4165,3,card_declined,0
loan,17555.37,20,SMA-0,0.5029,0,missed_emi,0
loan,23223.59,109,NPA,0.646,2,missed_emi,0
transaction,19976.46,2,Standard,0.5559,1,insufficient_funds,1
loan,7473.48,15,SMA-0,0.5683,2,missed_emi,0
loan,31034.38,19,SMA-0,0.4041,2,bank_downtime,0
transaction,2110.16,35,SMA-1,0.2168,3,otp_failure,0
loan,11953.44,18,SMA-0,0.7683,1,insufficient_funds,0
transaction,9071.48,42,SMA-2,0.6191,2,insufficient_funds,0
transaction,10453.97,92,NPA,0.6148,1,card_declined,0
transaction,5546.45,68,SMA-2,0.6966,1,insufficient_funds,0
loan,19240.57,52,SMA-2,0.4944,0,insufficient_funds,0
transaction,2195.86,6,SMA-0,0.5177,4,bank_downtime,0
transaction,6412.79,65,SMA-2,0.3279,4,card_declined,0
transaction,19347.89,13,SMA-0,0.6339,1,bank_downtime,1
transaction,18921.79,78,SMA-2,0.1579,4,insufficient_funds,0
loan,20069.52,20,SMA-0,0.3927,3,bank_downtime,1
loan,30688.43,35,SMA-1,0.3868,3,missed_emi,0
transaction,18237.11,29,SMA-0,0.4905,2,otp_failure,1
transaction,620.58,89,SMA-2,0.305,3,insufficient_funds,0
transaction,16308.33,9,SMA-0,0.5144,0,otp_failure,1
transaction,18993.21,50,SMA-1,0.3234,5,bank_downtime,0
transaction,2280.85,11,SMA-0,0.5313,3,bank_downtime,0
transaction,3648.23,67,SMA-2,0.5974,3,card_declined,0
transaction,19234.55,98,NPA,0.4939,2,insufficient_funds,0
loan,29189.31,37,SMA-1,0.6633,1,insufficient_funds,1
loan,5638.85,42,SMA-1,0.5291,2,insufficient_funds,0
transaction,5523.82,102,NPA,0.7755,2,bank_downtime,1
transaction,9273.9,45,SMA-1,0.6418,3,card_declined,0
loan,36180.9,42,SMA-1,0.3409,2,insufficient_funds,0
transaction,14796.63,52,SMA-1,0.678,1,card_declined,0
loan,49793.97,65,SMA-2,0.4576,2,insufficient_funds,0
loan,17938.0,8,SMA-0,0.6123,1,insufficient_funds,1
transaction,10995.29,83,SMA-1,0.5601,2,insufficient_funds,0
transaction,10899.81,37,SMA-1,0.6027,0,card_declined,1
loan,23254.04,5,SMA-0,0.4804,2,missed_emi,0
transaction,3798.66,78,SMA-2,0.6071,2,card_declined,0
transaction,19560.4,31,SMA-0,0.8343,2,otp_failure,0
loan,43399.27,7,SMA-0,0.742,1,bank_downtime,1
transaction,10217.49,58,SMA-1,0.6977,1,insufficient_funds,0
transaction,12263.29,93,NPA,0.4219,2,card_declined,0
loan,15226.75,95,NPA,0.3213,4,insufficient_funds,0
transaction,11103.85,109,NPA,0.3944,3,otp_failure,0
transaction,14051.92,91,NPA,0.417,2,insufficient_funds,0
loan,28182.52,0,Standard,0.7731,3,missed_emi,0
transaction,19810.56,31,SMA-1,0.7319,2,otp_failure,0
loan,32510.37,83,SMA-1,0.8503,2,bank_downtime,0
loan,21693.82,30,SMA-0,0.2209,4,missed_emi,0
transaction,15556.96,54,SMA-1,0.6648,1,bank_downtime,1
transaction,3824.02,55,SMA-1,0.7532,2,otp_failure,1
transaction,7998.06,30,SMA-0,0.7775,1,otp_failure,1
transaction,7265.7,98,NPA,0.8522,0,insufficient_funds,0
transaction,8920.24,43,SMA-1,0.5164,2,otp_failure,1
loan,40180.09,40,SMA-1,0.0835,4,missed_emi,0
transaction,9941.37,120,NPA,0.3891,3,insufficient_funds,0
transaction,15983.28,42,SMA-1,0.5645,4,insufficient_funds,0
loan,30942.0,14,SMA-0,0.4115,0,missed_emi,0
transaction,7170.35,44,SMA-1,0.2351,5,insufficient_funds,0
loan,41449.04,82,SMA-2,0.8772,0,missed_emi,0
transaction,5146.65,77,SMA-2,0.7365,1,card_declined,0
transaction,4875.47,78,SMA-1,0.5834,2,otp_failure,1
loan,27702.63,67,SMA-2,0.5078,2,insufficient_funds,0
loan,16738.22,20,SMA-0,0.647,1,insufficient_funds,0
loan,5408.92,90,SMA-2,0.6767,4,bank_downtime,0
loan,34173.39,96,SMA-2,0.8007,1,insufficient_funds,0
loan,27999.22,15,SMA-0,0.5519,3,missed_emi,0
transaction,9187.6,10,SMA-0,0.5035,1,card_declined,0
transaction,19355.89,114,NPA,0.8711,0,otp_failure,0
loan,30703.96,91,NPA,0.697,3,insufficient_funds,0
loan,43854.42,96,NPA,0.6786,1,insufficient_funds,0
loan,11275.26,94,NPA,0.6592,0,bank_downtime,0
transaction,11599.53,48,SMA-1,0.6778,1,card_declined,0
transaction,17425.6,59,SMA-1,0.562,4,otp_failure,0
loan,31239.76,48,SMA-1,0.5719,2,missed_emi,0
transaction,14501.28,3,Standard,0.5884,2,card_declined,1
loan,21741.96,72,SMA-2,0.2804,3,missed_emi,0
loan,9160.23,44,SMA-1,0.8504,2,insufficient_funds,0
transaction,9429.06,60,SMA-1,0.2434,1,insufficient_funds,0
loan,22751.57,43,SMA-1,0.7989,0,insufficient_funds,1
loan,44017.71,42,SMA-1,0.6167,0,missed_emi,0
transaction,5257.91,13,SMA-0,0.7495,0,otp_failure,1
loan,48503.04,22,SMA-0,0.2172,3,insufficient_funds,0
transaction,19183.69,12,SMA-0,0.7867,1,insufficient_funds,1
loan,16143.42,15,SMA-0,0.5166,2,missed_emi,0
transaction,7287.01,113,SMA-2,0.6506,1,card_declined,0
loan,45300.01,11,SMA-0,0.4045,2,missed_emi,0
transaction,19349.13,21,SMA-0,0.4751,4,insufficient_funds,0
transaction,9147.06,53,SMA-1,0.6412,0,otp_failure,0
loan,19444.87,55,SMA-1,0.7832,1,missed_emi,1
transaction,10758.83,12,SMA-0,0.4696,2,insufficient_funds,1
transaction,13911.5,79,SMA-2,0.45,2,bank_downtime,0
loan,17306.35,78,SMA-2,0.9146,1,missed_emi,0
loan,38141.29,19,Standard,0.4769,3,missed_emi,0
transaction,1507.32,23,SMA-0,0.6051,1,card_declined,0
loan,7218.25,105,NPA,0.632,2,missed_emi,0
transaction,8032.61,84,SMA-2,0.8462,1,insufficient_funds,0
transaction,7392.73,66,SMA-2,0.881,0,insufficient_funds,0
transaction,6654.85,6,SMA-0,0.9099,0,insufficient_funds,1
loan,27095.89,35,SMA-1,0.7306,1,missed_emi,0
loan,19433.01,49,SMA-1,0.5945,4,insufficient_funds,0
loan,13651.61,14,SMA-0,0.7884,1,insufficient_funds,1
loan,18926.13,38,SMA-1,0.7426,1,insufficient_funds,0
transaction,19510.63,54,SMA-1,0.5328,3,card_declined,0
transaction,8516.71,26,SMA-0,0.8467,0,card_declined,0
transaction,9171.9,77,NPA,0.6793,1,bank_downtime,0
transaction,11742.63,86,SMA-2,0.2698,1,otp_failure,0
transaction,19675.14,26,SMA-0,0.4748,0,insufficient_funds,0
loan,15872.06,86,SMA-2,0.6705,1,insufficient_funds,0
transaction,13785.0,8,Standard,0.8151,1,otp_failure,1
transaction,14461.7,86,SMA-2,0.7136,0,card_declined,0
transaction,12342.83,11,SMA-0,0.8662,1,card_declined,1
loan,8986.03,6,SMA-1,0.5034,1,insufficient_funds,0
loan,35459.25,59,SMA-1,0.6187,1,missed_emi,0
transaction,1749.85,40,SMA-1,0.7919,1,bank_downtime,1
transaction,12124.78,98,NPA,0.6659,2,otp_failure,0
loan,38281.15,30,SMA-0,0.5204,3,missed_emi,0
transaction,4613.91,23,SMA-0,0.348,1,insufficient_funds,1
loan,42872.99,43,SMA-1,0.2955,2,insufficient_funds,0
loan,6365.92,39,SMA-1,0.5821,3,missed_emi,0
transaction,16954.35,28,SMA-0,0.7424,1,otp_failure,1
transaction,9476.42,65,SMA-1,0.5885,2,insufficient_funds,0
loan,14791.46,74,SMA-2,0.9553,0,insufficient_funds,0
transaction,3108.67,88,SMA-2,0.2723,5,insufficient_funds,0
transaction,19089.49,113,NPA,0.628,3,insufficient_funds,0
loan,8269.95,21,SMA-0,0.3938,0,missed_emi,0
loan,13959.2,68,SMA-2,0.3095,3,missed_emi,0
loan,20652.01,33,SMA-1,0.9521,2,missed_emi,0
loan,32910.57,63,SMA-2,0.8619,0,missed_emi,0
transaction,11123.62,41,SMA-1,0.6135,1,bank_downtime,1
transaction,2950.05,119,NPA,0.7795,1,otp_failure,0
loan,18037.76,70,SMA-2,0.4155,0,bank_downtime,0
transaction,5155.66,108,NPA,0.3884,4,card_declined,0
transaction,4664.09,85,NPA,0.2049,3,insufficient_funds,0
loan,23501.5,97,NPA,0.7396,1,missed_emi,0
transaction,14228.61,82,SMA-2,0.8222,0,card_declined,0
transaction,4740.33,39,SMA-1,0.4808,3,otp_failure,1
transaction,7650.24,20,Standard,0.2776,4,card_declined,1
transaction,8122.89,30,SMA-0,0.7783,1,bank_downtime,1
transaction,19540.9,1,SMA-0,0.7538,3,card_declined,1
transaction,19115.99,46,SMA-1,0.7273,0,bank_downtime,0
transaction,16102.68,44,SMA-1,0.4517,3,card_declined,0
loan,15874.65,46,SMA-1,0.58,2,insufficient_funds,0
loan,8061.68,113,NPA,0.9164,0,insufficient_funds,0
transaction,6679.63,99,NPA,0.5171,1,card_declined,0
loan,17005.75,12,SMA-0,0.8986,0,bank_downtime,1
transaction,10365.55,30,SMA-0,0.6383,2,card_declined,0
transaction,15665.69,35,SMA-0,0.6856,2,insufficient_funds,0
loan,43624.53,29,SMA-0,0.708,1,missed_emi,1
transaction,16974.85,80,SMA-2,0.9009,0,card_declined,0
loan,21185.4,46,SMA-1,0.6656,3,insufficient_funds,1
transaction,13901.07,51,SMA-1,0.3858,3,card_declined,0
loan,19077.54,88,SMA-2,0.1829,4,missed_emi,0
transaction,1687.66,81,SMA-2,0.7803,2,otp_failure,0
loan,36570.44,10,SMA-0,0.4377,1,missed_emi,0
transaction,691.64,68,SMA-2,0.7853,1,otp_failure,0
loan,23413.22,37,SMA-1,0.3883,1,missed_emi,1
transaction,6922.9,24,SMA-0,0.401,1,otp_failure,0
transaction,14020.86,3,SMA-0,0.742,2,insufficient_funds,1
loan,39481.05,42,SMA-2,0.801,0,missed_emi,0
transaction,6429.85,29,SMA-0,0.5121,2,insufficient_funds,0
loan,41523.22,20,SMA-0,0.8082,0,insufficient_funds,1
loan,18226.25,65,SMA-2,0.3709,3,missed_emi,0
transaction,9203.36,76,SMA-2,0.2819,1,card_declined,0
loan,37715.83,19,SMA-0,0.7211,2,missed_emi,0
transaction,14011.94,3,SMA-0,0.5571,1,insufficient_funds,1
loan,49431.58,88,SMA-2,0.5614,3,insufficient_funds,0
transaction,4890.64,0,Standard,0.6445,1,card_declined,1
transaction,13415.2,104,NPA,0.473,2,insufficient_funds,0
loan,32435.69,57,SMA-1,0.4148,3,bank_downtime,0
loan,46179.43,26,SMA-0,0.8049,0,missed_emi,1
transaction,3549.06,19,SMA-0,0.724,1,insufficient_funds,0
loan,38830.92,0,Standard,0.6793,0,insufficient_funds,1
transaction,11581.24,18,SMA-0,0.9123,0,insufficient_funds,1
transaction,5855.98,10,SMA-0,0.4752,5,card_declined,0
transaction,9751.48,55,SMA-1,0.7898,0,bank_downtime,0
transaction,7008.64,13,SMA-0,0.8017,1,card_declined,1
transaction,11796.61,46,SMA-1,0.6519,1,insufficient_funds,0
transaction,17835.51,53,SMA-1,0.8715,0,bank_downtime,0
loan,30618.72,24,SMA-0,0.4701,4,insufficient_funds,0
loan,33427.51,2,Standard,0.5987,4,missed_emi,0
loan,28343.65,2,SMA-1,0.8248,2,missed_emi,0
transaction,1497.73,1,SMA-0,0.4008,2,card_declined,1
transaction,5040.74,71,SMA-2,0.6281,1,insufficient_funds,0
loan,27140.08,26,Standard,0.5367,2,missed_emi,0
loan,18960.59,79,SMA-2,0.7439,1,insufficient_funds,0
transaction,4044.39,36,SMA-1,0.3514,3,card_declined,0
loan,27685.98,38,SMA-1,0.857,1,insufficient_funds,0
loan,19526.44,44,SMA-1,0.8838,1,bank_downtime,1
loan,16614.84,68,SMA-2,0.3591,2,insufficient_funds,0
loan,25879.34,22,SMA-0,0.526,2,insufficient_funds,1
loan,10997.79,9,SMA-0,0.4307,4,insufficient_funds,1
transaction,18591.04,49,SMA-1,0.7387,1,card_declined,0
loan,44046.59,26,Standard,0.8034,0,insufficient_funds,0
loan,36842.93,37,SMA-1,0.5695,0,missed_emi,0
transaction,2571.17,59,SMA-1,0.9569,0,insufficient_funds,1
transaction,15629.61,43,SMA-1,0.451,2,otp_failure,0
transaction,16255.17,56,SMA-1,0.5258,1,otp_failure,1
loan,39549.41,48,SMA-1,0.6141,0,missed_emi,0
loan,10128.46,71,SMA-2,0.581,2,bank_downtime,0
transaction,13056.21,67,SMA-2,0.2988,3,insufficient_funds,0
transaction,16769.33,47,SMA-1,0.4071,0,insufficient_funds,0
transaction,11758.39,63,NPA,0.483,3,card_declined,0
loan,34088.33,92,NPA,0.8086,0,insufficient_funds,0
loan,25626.36,36,SMA-1,0.404,1,insufficient_funds,0
loan,28791.83,34,SMA-1,0.5723,3,insufficient_funds,0
transaction,1170.35,75,SMA-2,0.7958,1,bank_downtime,0
transaction,12959.78,52,SMA-1,0.4301,1,card_declined,0
transaction,2088.22,5,SMA-0,0.3789,4,card_declined,1
transaction,8982.78,95,NPA,0.5937,1,otp_failure,0
loan,18169.48,2,SMA-0,0.2486,4,missed_emi,0
loan,29544.26,73,SMA-2,0.748,2,missed_emi,0
loan,11003.74,74,SMA-2,0.7237,1,insufficient_funds,0
loan,36123.95,108,SMA-2,0.5557,0,bank_downtime,0
transaction,16002.72,4,SMA-0,0.332,1,card_declined,0
loan,12350.95,54,SMA-1,0.7921,0,missed_emi,0
loan,9694.09,36,SMA-0,0.5585,3,missed_emi,0
loan,11548.2,27,SMA-0,0.6269,1,missed_emi,0
transaction,17603.99,6,SMA-0,0.9087,0,otp_failure,1
transaction,10799.69,50,SMA-1,0.4849,2,card_declined,0
transaction,9611.59,41,SMA-1,0.5432,1,otp_failure,0
loan,9802.03,8,SMA-0,0.5755,1,missed_emi,0
loan,34230.02,55,SMA-1,0.3776,2,missed_emi,0
transaction,17425.99,71,SMA-2,0.8234,1,otp_failure,0
loan,42268.36,75,SMA-2,0.7493,0,missed_emi,0
loan,33172.46,98,NPA,0.8159,0,missed_emi,0
transaction,1967.93,34,SMA-1,0.8259,0,card_declined,0
transaction,2691.74,108,NPA,0.625,1,otp_failure,0
loan,7218.9,91,NPA,0.8596,0,missed_emi,0
transaction,5520.84,24,SMA-0,0.6818,0,otp_failure,1
loan,11104.77,12,SMA-0,0.4869,2,bank_downtime,1
transaction,5570.94,37,SMA-1,0.4823,2,card_declined,0
loan,22327.61,33,SMA-1,0.8731,0,missed_emi,0
transaction,18888.16,51,SMA-1,0.5689,3,otp_failure,0
transaction,12402.33,52,SMA-1,0.8765,0,insufficient_funds,1
loan,42573.82,73,SMA-2,0.5562,3,missed_emi,0
transaction,14351.85,44,SMA-1,0.7514,1,card_declined,1
transaction,2693.81,8,Standard,0.7548,2,insufficient_funds,0
transaction,14850.45,89,SMA-1,0.8898,0,bank_downtime,1
loan,17379.45,25,Standard,0.7067,0,missed_emi,0
loan,33759.85,113,SMA-2,0.7203,2,missed_emi,0
loan,20343.29,9,SMA-0,0.6405,2,insufficient_funds,0
transaction,19954.61,109,NPA,0.5222,4,insufficient_funds,0
transaction,5639.25,7,SMA-0,0.5627,1,otp_failure,1
transaction,5943.04,18,SMA-0,0.7785,1,insufficient_funds,0
transaction,18648.11,3,SMA-0,0.9085,0,otp_failure,1
transaction,980.57,67,SMA-2,0.8343,1,insufficient_funds,0
transaction,14085.44,88,SMA-2,0.773,4,otp_failure,0
transaction,14643.86,36,SMA-1,0.8413,0,bank_downtime,1
loan,42637.04,103,NPA,0.7076,1,bank_downtime,0
transaction,19501.57,53,SMA-1,0.8512,0,bank_downtime,0
transaction,19524.24,57,SMA-0,0.4597,2,insufficient_funds,0
loan,7937.45,87,SMA-2,0.7099,1,bank_downtime,1
transaction,16525.87,24,Standard,0.6594,0,bank_downtime,1
loan,34083.95,29,SMA-0,0.7431,1,insufficient_funds,0
loan,34130.4,98,NPA,0.4411,1,insufficient_funds,0
loan,10775.75,97,NPA,0.7333,1,insufficient_funds,0
transaction,13178.65,114,NPA,0.7609,1,bank_downtime,0
loan,49211.72,97,NPA,0.3538,4,missed_emi,0
transaction,18280.46,9,SMA-0,0.6117,1,insufficient_funds,0
transaction,9063.05,84,SMA-2,0.5845,2,card_declined,0
transaction,1278.99,34,SMA-2,0.9014,0,insufficient_funds,0
loan,21303.21,118,NPA,0.5171,3,insufficient_funds,0
transaction,16614.61,40,SMA-1,0.5296,1,insufficient_funds,0
transaction,14179.23,49,SMA-1,0.7003,4,otp_failure,1
loan,25670.46,46,SMA-1,0.8479,0,bank_downtime,1
transaction,1574.48,26,SMA-0,0.664,0,insufficient_funds,1
transaction,8824.45,5,SMA-0,0.2425,3,insufficient_funds,0
transaction,9645.99,96,NPA,0.6914,0,insufficient_funds,0
transaction,18606.83,80,SMA-2,0.8068,0,card_declined,0
transaction,13001.18,10,SMA-0,0.8421,0,otp_failure,1
transaction,6577.23,77,SMA-2,0.8194,0,insufficient_funds,0
loan,28639.32,57,SMA-1,0.7636,0,missed_emi,0
transaction,1788.08,34,SMA-1,0.7975,1,insufficient_funds,1
transaction,19465.08,20,SMA-0,0.5287,3,card_declined,0
loan,21202.7,90,SMA-2,0.5908,2,insufficient_funds,0
transaction,9818.41,66,SMA-2,0.6281,1,card_declined,0
loan,20987.78,48,SMA-1,0.5072,1,insufficient_funds,0
transaction,13808.98,55,SMA-1,0.0856,1,card_declined,0
transaction,13413.53,7,SMA-0,0.4619,3,otp_failure,0
transaction,14448.79,40,SMA-1,0.7404,1,bank_downtime,1
transaction,5728.79,15,SMA-0,0.7702,1,otp_failure,0
transaction,6655.54,16,SMA-1,0.38,2,otp_failure,1
transaction,2942.4,61,SMA-2,0.9161,0,bank_downtime,1
transaction,13282.44,99,NPA,0.52,3,card_declined,0
transaction,1276.04,34,SMA-1,0.3137,3,insufficient_funds,0
transaction,12154.81,16,SMA-0,0.9278,3,card_declined,1
transaction,17459.07,60,SMA-1,0.8361,5,card_declined,0
transaction,17871.23,92,NPA,0.2801,4,insufficient_funds,0
transaction,9256.24,73,SMA-2,0.3846,2,insufficient_funds,0
loan,25668.67,91,NPA,0.3788,2,insufficient_funds,0
transaction,2000.9,47,SMA-1,0.5193,2,insufficient_funds,0
loan,35184.43,73,SMA-2,0.7489,4,insufficient_funds,0
loan,41956.67,10,SMA-0,0.7332,1,missed_emi,1
transaction,5270.77,28,SMA-0,0.6876,2,otp_failure,0
loan,23958.54,32,SMA-0,0.4663,4,missed_emi,0
loan,42747.77,44,SMA-1,0.7364,2,missed_emi,0
transaction,17603.85,103,NPA,0.5376,2,insufficient_funds,0
transaction,5242.01,92,NPA,0.6156,0,card_declined,0
loan,29775.68,10,SMA-1,0.885,0,missed_emi,1
loan,13662.19,13,SMA-0,0.5658,2,insufficient_funds,0
transaction,2486.64,29,SMA-0,0.4821,4,insufficient_funds,1
transaction,18266.85,23,SMA-0,0.4364,3,bank_downtime,1
transaction,16499.9,56,SMA-1,0.7013,0,otp_failure,0
transaction,15320.68,97,NPA,0.3415,3,insufficient_funds,0
loan,7194.48,110,NPA,0.8465,0,bank_downtime,0
transaction,16952.71,60,SMA-1,0.7186,1,insufficient_funds,0
transaction,9041.86,86,SMA-2,0.7917,0,card_declined,0
loan,20407.78,46,SMA-0,0.663,1,missed_emi,0
transaction,11156.29,16,Standard,0.3673,5,otp_failure,0
transaction,2281.39,46,SMA-1,0.8639,2,insufficient_funds,0
loan,39049.09,49,SMA-1,0.3039,3,missed_emi,0
loan,31209.58,72,SMA-2,0.5652,2,missed_emi,0
transaction,4138.51,17,SMA-1,0.5678,1,insufficient_funds,0
transaction,4170.53,30,SMA-0,0.5544,3,card_declined,0
transaction,4092.85,30,SMA-0,0.495,0,card_declined,1
transaction,1611.55,110,NPA,0.489,1,card_declined,0
transaction,11962.07,37,SMA-1,0.6947,0,insufficient_funds,0
transaction,16886.79,73,SMA-2,0.2983,3,otp_failure,0
transaction,841.22,73,SMA-2,0.6469,2,otp_failure,0
transaction,1455.59,21,SMA-0,0.5728,5,card_declined,0
transaction,11669.02,51,SMA-1,0.2251,3,insufficient_funds,0
transaction,16480.17,96,NPA,0.3029,3,insufficient_funds,0
transaction,6871.41,41,SMA-0,0.3388,2,insufficient_funds,0
transaction,7317.48,106,NPA,0.5949,2,insufficient_funds,0
transaction,12128.76,17,SMA-0,0.5735,3,card_declined,0
loan,17339.58,5,Standard,0.7451,1,bank_downtime,1
transaction,1018.86,95,NPA,0.5962,1,otp_failure,0
loan,38085.28,88,SMA-2,0.6681,2,insufficient_funds,0
loan,33154.25,118,NPA,0.3881,2,missed_emi,0
transaction,11824.74,63,SMA-2,0.6882,0,card_declined,0
transaction,14962.84,104,NPA,0.7349,1,card_declined,0
transaction,13667.0,84,SMA-2,0.6946,0,otp_failure,0
transaction,4514.7,87,SMA-2,0.2263,3,bank_downtime,0
loan,20861.65,51,SMA-1,0.5822,2,insufficient_funds,0
transaction,2959.15,32,SMA-1,0.7356,1,bank_downtime,1
transaction,3032.21,104,NPA,0.4051,4,otp_failure,0
transaction,13685.82,36,SMA-1,0.6183,2,otp_failure,0
transaction,17242.7,47,SMA-2,0.3381,2,card_declined,0
loan,48322.97,38,SMA-1,0.8562,1,missed_emi,0
transaction,12752.77,50,SMA-1,0.4443,2,otp_failure,0
transaction,4089.98,40,SMA-1,0.442,3,insufficient_funds,0
loan,9754.27,3,SMA-0,0.4138,3,missed_emi,0
loan,41578.29,94,NPA,0.3395,2,insufficient_funds,0
transaction,11785.75,38,SMA-1,0.7448,1,card_declined,1
transaction,12556.56,53,SMA-1,0.6123,2,insufficient_funds,0
transaction,15738.51,10,SMA-0,0.9257,0,otp_failure,1
transaction,14213.91,0,Standard,0.4863,1,otp_failure,1
transaction,16771.94,19,SMA-0,0.2221,1,insufficient_funds,0
transaction,1596.17,67,SMA-2,0.803,0,bank_downtime,1
transaction,15076.65,7,SMA-0,0.4695,0,bank_downtime,1
transaction,17091.63,99,NPA,0.5021,2,insufficient_funds,0
loan,17876.08,17,SMA-0,0.8245,0,insufficient_funds,0
transaction,12988.72,16,SMA-0,0.7414,0,insufficient_funds,0
transaction,6626.16,14,SMA-0,0.8655,1,card_declined,1
transaction,19180.44,1,Standard,0.2826,5,card_declined,0
loan,6504.06,76,SMA-2,0.9123,2,insufficient_funds,0
transaction,11805.96,92,NPA,0.2671,2,bank_downtime,0
transaction,3746.82,56,SMA-1,0.7623,2,card_declined,0
loan,37049.91,14,Standard,0.3108,5,insufficient_funds,0
loan,12915.06,23,SMA-0,0.6951,3,bank_downtime,0
loan,15592.25,41,SMA-1,0.4186,3,missed_emi,0
transaction,10140.23,108,NPA,0.5401,3,bank_downtime,0
transaction,18339.28,19,SMA-0,0.7551,1,card_declined,0
loan,14527.15,70,SMA-2,0.7328,0,missed_emi,1
loan,11490.8,37,SMA-1,0.8142,0,missed_emi,0
transaction,15300.05,24,SMA-0,0.3401,1,insufficient_funds,0
transaction,10262.08,39,SMA-2,0.6421,5,insufficient_funds,0
transaction,18279.81,5,SMA-0,0.5464,2,insufficient_funds,0
loan,11597.66,80,SMA-2,0.5537,4,bank_downtime,0
transaction,13095.59,19,Standard,0.6775,2,insufficient_funds,0
transaction,5041.14,69,SMA-2,0.3423,3,card_declined,0
transaction,3556.83,5,SMA-0,0.3784,2,insufficient_funds,1
transaction,13826.87,109,NPA,0.3149,2,insufficient_funds,0
transaction,12076.85,15,SMA-0,0.634,1,card_declined,1
transaction,15219.14,94,NPA,0.7425,2,otp_failure,0
loan,18925.82,81,SMA-2,0.6279,4,missed_emi,0
transaction,9235.45,112,NPA,0.8722,0,insufficient_funds,0
transaction,8406.7,41,SMA-1,0.2443,2,bank_downtime,1
transaction,19689.74,70,SMA-2,0.5881,0,bank_downtime,0
transaction,6198.85,30,SMA-0,0.83,0,otp_failure,1
transaction,6248.94,14,SMA-0,0.1961,5,card_declined,0
transaction,7413.69,37,SMA-1,0.2636,2,insufficient_funds,0
transaction,11509.58,13,SMA-0,0.465,2,card_declined,0
transaction,5420.29,115,NPA,0.544,2,otp_failure,0
transaction,18348.15,7,SMA-0,0.3349,3,insufficient_funds,0
loan,16955.85,53,SMA-1,0.3495,3,bank_downtime,0
transaction,17968.41,57,SMA-1,0.8138,0,otp_failure,0
loan,9656.38,47,SMA-1,0.6834,1,missed_emi,0
transaction,13302.97,61,SMA-2,0.8436,1,card_declined,0
loan,45814.35,9,SMA-0,0.4417,2,insufficient_funds,0
loan,12593.72,49,SMA-1,0.8127,1,insufficient_funds,0
transaction,19382.38,23,Standard,0.4141,4,otp_failure,1
transaction,9331.23,105,NPA,0.6256,2,card_declined,0
transaction,18941.44,74,SMA-1,0.498,2,insufficient_funds,0
transaction,13697.99,113,NPA,0.8116,1,card_declined,0
loan,18571.41,2,Standard,0.7376,2,insufficient_funds,1
loan,13473.61,23,SMA-0,0.4911,2,insufficient_funds,0
loan,18668.08,15,SMA-0,0.493,2,missed_emi,0
transaction,2313.84,0,Standard,0.7169,1,card_declined,1
loan,11474.06,19,SMA-0,0.6776,2,missed_emi,1
loan,9709.72,63,SMA-2,0.2265,3,missed_emi,0
transaction,8747.4,18,SMA-0,0.8651,2,otp_failure,0
transaction,16013.78,44,SMA-1,0.5523,2,otp_failure,0
loan,11362.26,95,NPA,0.1703,4,missed_emi,0
transaction,3041.25,65,SMA-1,0.6344,1,bank_downtime,1
loan,33954.3,33,SMA-1,0.1829,4,insufficient_funds,0
transaction,4345.07,31,SMA-1,0.3582,2,insufficient_funds,0
loan,9392.45,39,SMA-1,0.8048,0,missed_emi,1
transaction,3753.55,13,SMA-0,0.7444,1,insufficient_funds,0
transaction,18512.76,58,SMA-1,0.4517,2,bank_downtime,0
transaction,16518.69,30,SMA-0,0.9377,0,card_declined,1
loan,20932.91,88,SMA-2,0.3955,0,insufficient_funds,0
loan,34511.93,74,SMA-1,0.4398,2,insufficient_funds,0
transaction,10976.88,55,SMA-1,0.6687,0,otp_failure,0
transaction,13703.92,30,SMA-0,0.8277,0,card_declined,0
loan,35720.2,16,SMA-0,0.6508,0,insufficient_funds,0
transaction,12760.31,76,SMA-2,0.4428,2,otp_failure,0
loan,16974.56,42,SMA-1,0.3403,2,insufficient_funds,0
transaction,1260.63,17,SMA-0,0.6294,1,otp_failure,1
transaction,9383.55,15,SMA-0,0.7558,1,otp_failure,1
transaction,17873.99,12,SMA-0,0.9179,0,insufficient_funds,1
transaction,11605.2,77,SMA-2,0.4457,2,bank_downtime,0
loan,42457.6,18,Standard,0.1663,4,bank_downtime,0
transaction,19836.67,46,SMA-1,0.3068,4,insufficient_funds,0
transaction,3690.52,38,SMA-1,0.3221,4,card_declined,0
loan,36129.99,52,SMA-1,0.5515,5,bank_downtime,1
transaction,13648.72,93,NPA,0.5118,2,card_declined,0
transaction,19609.13,91,NPA,0.4686,2,card_declined,0
loan,49352.03,38,SMA-1,0.4412,4,bank_downtime,0
loan,35900.54,1,SMA-0,0.4851,2,insufficient_funds,0
transaction,5250.49,36,SMA-1,0.8114,0,bank_downtime,0
loan,40935.01,55,SMA-1,0.8219,0,missed_emi,1
loan,9816.31,49,SMA-1,0.638,1,missed_emi,0
transaction,15723.64,60,SMA-1,0.6542,0,card_declined,0
transaction,18248.82,12,Standard,0.4866,3,insufficient_funds,0
loan,22227.5,59,SMA-1,0.3417,5,insufficient_funds,0
loan,33378.59,14,SMA-0,0.3339,1,insufficient_funds,0
transaction,8887.78,73,SMA-2,0.4482,3,insufficient_funds,0
loan,24699.43,28,SMA-0,0.9394,0,insufficient_funds,1
loan,18966.69,67,SMA-2,0.3597,2,bank_downtime,0
transaction,15361.53,3,SMA-0,0.6406,1,insufficient_funds,1
transaction,18755.44,34,SMA-1,0.69,0,insufficient_funds,0
transaction,18844.64,67,SMA-2,0.9564,0,insufficient_funds,1
loan,12865.16,18,SMA-0,0.9198,0,bank_downtime,0
transaction,17557.5,79,SMA-2,0.8702,0,bank_downtime,0
transaction,14879.91,58,SMA-1,0.4934,2,bank_downtime,1
loan,16377.68,53,SMA-1,0.6128,3,insufficient_funds,0
loan,8027.81,29,SMA-0,0.2848,3,missed_emi,0
transaction,5725.95,41,SMA-1,0.3426,2,card_declined,0
loan,46049.37,54,SMA-1,0.5316,2,missed_emi,0
transaction,12846.98,40,SMA-1,0.7422,3,insufficient_funds,0
loan,37447.46,66,SMA-2,0.7355,2,missed_emi,0
transaction,5514.47,36,SMA-1,0.839,0,card_declined,0
transaction,14528.07,16,Standard,0.8545,0,insufficient_funds,1
loan,6265.47,17,SMA-1,0.4933,2,missed_emi,0
transaction,7818.77,0,Standard,0.6024,1,card_declined,1
transaction,12721.69,24,Standard,0.5826,3,card_declined,0
loan,11574.35,73,SMA-2,0.443,1,insufficient_funds,0
loan,42035.16,79,SMA-2,0.4272,4,missed_emi,0
loan,15576.41,16,SMA-1,0.6811,1,missed_emi,1
loan,34352.65,109,NPA,0.3256,3,missed_emi,0
transaction,8401.34,43,SMA-1,0.2984,0,insufficient_funds,0
transaction,12122.85,100,NPA,0.741,1,insufficient_funds,0
transaction,2595.29,67,SMA-2,0.3106,3,insufficient_funds,0
transaction,829.8,69,SMA-2,0.5288,2,card_declined,0
loan,45930.4,6,SMA-0,0.8148,4,missed_emi,1
transaction,5757.79,17,SMA-0,0.6875,1,card_declined,0
transaction,16483.7,0,Standard,0.278,3,insufficient_funds,1
transaction,19987.33,68,SMA-2,0.492,2,bank_downtime,0
loan,14514.41,28,SMA-1,0.1652,3,missed_emi,0
transaction,5670.83,78,SMA-2,0.8824,0,card_declined,1
transaction,13425.77,27,SMA-0,0.5519,2,card_declined,0
transaction,19326.25,83,SMA-2,0.8042,0,card_declined,0
loan,46211.65,10,SMA-0,0.4822,3,missed_emi,0
transaction,10306.07,13,SMA-0,0.9321,0,insufficient_funds,0
loan,40779.96,28,SMA-0,0.7903,1,insufficient_funds,0
loan,11108.56,34,SMA-1,0.5708,0,missed_emi,0
transaction,19560.04,28,Standard,0.6856,1,insufficient_funds,0
loan,48395.9,75,SMA-2,0.7868,1,missed_emi,0
loan,12367.8,7,SMA-0,0.0931,2,missed_emi,0
loan,18474.04,29,SMA-0,0.188,4,missed_emi,0
transaction,2453.02,86,SMA-2,0.7299,1,otp_failure,0
transaction,5798.49,5,SMA-0,0.5129,5,card_declined,0
loan,41718.01,106,NPA,0.3106,3,insufficient_funds,0
transaction,7877.15,117,NPA,0.55,1,bank_downtime,0
loan,8977.86,6,SMA-0,0.5583,1,insufficient_funds,0
loan,20400.15,23,SMA-0,0.6413,0,bank_downtime,1
loan,49162.25,31,SMA-1,0.3847,2,insufficient_funds,0
transaction,12778.83,77,SMA-1,0.3451,3,card_declined,0
transaction,8615.14,54,SMA-1,0.9447,1,insufficient_funds,0
loan,12494.23,59,SMA-1,0.8102,0,insufficient_funds,0
loan,49377.96,74,SMA-2,0.8354,0,insufficient_funds,0
transaction,16506.56,9,SMA-0,0.8055,0,otp_failure,1
loan,17666.48,85,SMA-2,0.5974,2,insufficient_funds,1
loan,8153.09,67,SMA-2,0.5137,1,missed_emi,0
transaction,1604.2,51,SMA-1,0.4576,4,insufficient_funds,0
transaction,2847.37,95,NPA,0.602,2,insufficient_funds,0
transaction,11824.99,66,NPA,0.6733,3,card_declined,0
transaction,18610.89,16,SMA-0,0.8693,0,card_declined,0
transaction,10186.5,36,SMA-1,0.4168,2,card_declined,0
loan,42932.55,43,SMA-1,0.1698,4,bank_downtime,0
transaction,9194.79,4,Standard,0.251,3,bank_downtime,1
transaction,14317.38,108,NPA,0.3043,0,bank_downtime,0
transaction,14771.52,10,SMA-0,0.2412,5,card_declined,0
transaction,3892.29,66,SMA-2,0.8065,2,card_declined,0
loan,21254.72,44,SMA-1,0.7588,0,missed_emi,0
transaction,12927.39,1,SMA-0,0.487,2,bank_downtime,0
transaction,1878.58,102,NPA,0.93,0,insufficient_funds,0
loan,21269.31,88,SMA-2,0.3818,4,insufficient_funds,0
transaction,10928.59,46,SMA-1,0.8697,1,insufficient_funds,1
transaction,19926.38,18,SMA-0,0.2411,2,card_declined,0
transaction,9753.4,9,SMA-0,0.3833,1,bank_downtime,0
transaction,16413.11,30,SMA-0,0.8463,0,card_declined,0
transaction,8925.31,20,SMA-0,0.4755,0,insufficient_funds,1
transaction,16029.62,44,SMA-1,0.3734,2,bank_downtime,1
transaction,12110.59,111,NPA,0.712,1,card_declined,0
loan,44896.79,51,SMA-0,0.5046,3,missed_emi,0
transaction,8513.38,95,NPA,0.7377,1,otp_failure,0
transaction,12283.94,60,SMA-2,0.743,1,card_declined,0
loan,33350.84,41,SMA-0,0.7448,0,missed_emi,0
transaction,8638.97,89,SMA-2,0.7173,1,insufficient_funds,0
loan,11494.04,40,SMA-2,0.2779,3,insufficient_funds,0
transaction,2324.41,91,NPA,0.4663,2,bank_downtime,0
loan,5750.22,23,SMA-0,0.6601,1,missed_emi,0
transaction,17533.92,10,SMA-0,0.6489,1,insufficient_funds,1
transaction,5111.26,89,SMA-2,0.7329,1,otp_failure,0
transaction,4624.38,53,SMA-1,0.6163,2,card_declined,0
loan,38121.59,95,NPA,0.8295,0,missed_emi,0
transaction,6740.31,105,NPA,0.3539,2,bank_downtime,0
transaction,10367.87,4,SMA-0,0.7645,2,card_declined,1
transaction,3668.97,43,SMA-1,0.3078,1,otp_failure,1
loan,48188.56,31,SMA-1,0.7356,1,insufficient_funds,0
transaction,17105.84,57,SMA-1,0.1996,3,bank_downtime,0
loan,43870.53,79,SMA-1,0.6876,3,missed_emi,0
transaction,8432.09,22,SMA-0,0.7418,2,insufficient_funds,0
transaction,15366.04,49,SMA-1,0.5324,2,card_declined,0
transaction,3305.59,67,SMA-1,0.5436,2,card_declined,0
transaction,668.07,10,SMA-0,0.7855,1,card_declined,1
transaction,889.47,82,SMA-2,0.5218,1,insufficient_funds,0
transaction,11938.73,55,SMA-1,0.3644,3,card_declined,0
loan,25492.77,107,NPA,0.6122,1,missed_emi,0
transaction,10601.3,28,SMA-1,0.4667,2,card_declined,0
transaction,645.53,8,SMA-0,0.9382,0,card_declined,1
transaction,8742.39,44,SMA-1,0.9465,0,insufficient_funds,1
transaction,14502.33,6,SMA-0,0.7766,1,insufficient_funds,0
transaction,9132.53,112,NPA,0.5468,2,bank_downtime,0
transaction,14778.27,2,SMA-0,0.2336,2,card_declined,0
transaction,5043.87,73,SMA-1,0.5225,1,card_declined,0
loan,41591.39,46,SMA-0,0.6598,1,bank_downtime,1
loan,31479.41,30,SMA-0,0.44,0,insufficient_funds,0
transaction,4609.88,5,SMA-0,0.8317,0,bank_downtime,1
transaction,5116.05,57,SMA-1,0.4887,2,insufficient_funds,0
loan,33261.37,52,SMA-1,0.8194,0,insufficient_funds,1
transaction,16683.82,22,SMA-0,0.7548,2,insufficient_funds,0
transaction,8604.74,99,NPA,0.572,0,otp_failure,0
transaction,5536.86,24,Standard,0.473,3,otp_failure,1
loan,44015.52,38,SMA-1,0.8014,1,missed_emi,0
loan,35117.07,48,SMA-1,0.2115,3,missed_emi,0
transaction,9237.67,7,SMA-0,0.2089,4,insufficient_funds,0
transaction,10014.05,103,NPA,0.3271,3,insufficient_funds,0
transaction,4483.0,31,SMA-1,0.6115,3,insufficient_funds,0
loan,33206.12,6,SMA-0,0.6181,1,bank_downtime,1
transaction,7495.48,32,SMA-1,0.4655,2,card_declined,1
transaction,19915.08,54,SMA-1,0.6211,1,insufficient_funds,0
loan,26608.26,45,SMA-1,0.475,0,missed_emi,0
transaction,9974.77,65,SMA-2,0.6825,3,insufficient_funds,0
loan,30463.33,4,SMA-0,0.547,2,insufficient_funds,0
transaction,18376.74,23,SMA-0,0.8163,0,card_declined,1
transaction,16115.95,83,SMA-2,0.7122,3,insufficient_funds,0
transaction,9297.04,6,Standard,0.5137,5,bank_downtime,1
loan,37341.47,89,SMA-2,0.4999,1,missed_emi,0
loan,31380.6,7,SMA-0,0.5874,3,insufficient_funds,0
loan,27156.52,85,SMA-1,0.2549,3,missed_emi,0
transaction,4250.16,30,SMA-0,0.8428,0,bank_downtime,1
loan,25877.13,55,SMA-1,0.4604,5,insufficient_funds,0
transaction,5293.46,11,SMA-0,0.491,3,card_declined,1
transaction,18339.42,5,SMA-0,0.8734,1,otp_failure,1
loan,20093.31,17,Standard,0.8616,0,missed_emi,0
transaction,19069.15,9,SMA-0,0.4726,2,card_declined,0
transaction,10894.58,25,SMA-0,0.4767,2,card_declined,1
transaction,12815.12,45,SMA-1,0.8358,0,bank_downtime,1
transaction,11087.34,53,SMA-1,0.5574,2,bank_downtime,1
transaction,3022.92,78,SMA-2,0.6655,1,otp_failure,0
transaction,7828.51,61,SMA-2,0.4238,2,insufficient_funds,0
transaction,2433.35,55,SMA-1,0.9349,1,card_declined,1
loan,33032.93,34,SMA-1,0.8529,0,missed_emi,0
loan,25109.34,40,SMA-2,0.8021,1,insufficient_funds,0
transaction,15670.71,35,SMA-1,0.7788,0,insufficient_funds,0
transaction,4799.17,87,SMA-2,0.8197,0,card_declined,0
transaction,3709.04,18,SMA-0,0.614,1,insufficient_funds,1
transaction,8423.48,0,Standard,0.7712,2,otp_failure,1
transaction,18568.41,60,SMA-1,0.6996,2,insufficient_funds,0
loan,36968.98,16,SMA-0,0.9235,0,insufficient_funds,0
transaction,8669.01,95,NPA,0.6704,0,insufficient_funds,0
transaction,10586.81,89,SMA-2,0.7223,1,insufficient_funds,1
transaction,2142.15,5,SMA-0,0.5123,2,otp_failure,1
transaction,19699.23,8,SMA-0,0.4723,2,otp_failure,1
loan,34988.33,43,SMA-1,0.8946,0,insufficient_funds,0
loan,17843.18,55,SMA-1,0.7676,0,bank_downtime,1
transaction,11923.26,22,SMA-0,0.3198,3,card_declined,0
loan,9926.71,68,SMA-1,0.3535,3,insufficient_funds,0
transaction,19333.82,53,SMA-0,0.7785,1,card_declined,1
loan,12865.32,26,SMA-0,0.5928,2,insufficient_funds,1
loan,34161.36,1,SMA-0,0.8026,0,missed_emi,0
transaction,5286.36,73,SMA-2,0.693,3,bank_downtime,0
transaction,14492.45,17,Standard,0.5585,2,bank_downtime,1
transaction,15648.02,85,SMA-2,0.4565,2,otp_failure,0
transaction,13631.68,35,SMA-0,0.7659,0,insufficient_funds,0
loan,32652.48,51,SMA-1,0.6678,1,insufficient_funds,1
transaction,17903.15,92,NPA,0.4988,2,insufficient_funds,0
transaction,2033.22,90,SMA-2,0.1839,4,otp_failure,0
loan,19891.16,31,SMA-1,0.4499,3,bank_downtime,0
loan,16172.94,16,Standard,0.6392,2,insufficient_funds,1
transaction,19766.27,76,SMA-2,0.424,3,otp_failure,0
transaction,8093.1,36,SMA-1,0.4296,0,otp_failure,0
transaction,14785.95,15,SMA-0,0.7617,1,card_declined,0
transaction,13852.14,98,NPA,0.7569,1,insufficient_funds,0
loan,14543.66,15,SMA-0,0.8426,1,insufficient_funds,0
transaction,5160.45,1,SMA-0,0.2881,3,insufficient_funds,0
transaction,5985.05,1,Standard,0.1234,4,otp_failure,1
transaction,8516.98,57,SMA-1,0.5771,2,bank_downtime,1
transaction,5069.34,61,SMA-2,0.3252,2,insufficient_funds,0
loan,5884.32,25,SMA-0,0.2953,3,missed_emi,0
loan,44572.69,26,SMA-0,0.3983,2,insufficient_funds,0
transaction,19329.39,28,SMA-0,0.4206,1,card_declined,0
transaction,7160.62,64,SMA-2,0.0896,3,card_declined,0
transaction,7100.88,4,SMA-0,0.6176,0,bank_downtime,1
loan,5319.13,103,NPA,0.2944,3,bank_downtime,0
loan,35611.28,17,SMA-0,0.5078,2,missed_emi,0
transaction,16596.08,120,NPA,0.8565,0,otp_failure,0
loan,11597.37,13,Standard,0.3514,3,missed_emi,0
loan,12184.99,76,SMA-2,0.2495,4,missed_emi,0
transaction,15906.62,17,SMA-0,0.4434,2,insufficient_funds,0
loan,32733.08,6,SMA-0,0.4684,5,missed_emi,0
transaction,1374.78,92,NPA,0.3137,3,card_declined,0
transaction,12639.67,89,SMA-2,0.5591,4,card_declined,0
transaction,6523.9,34,SMA-1,0.5348,1,card_declined,0
transaction,7690.14,66,SMA-2,0.693,1,otp_failure,0
transaction,15509.76,49,SMA-1,0.5789,2,otp_failure,0
loan,41492.08,88,SMA-2,0.751,4,insufficient_funds,0
transaction,8306.95,25,SMA-0,0.6008,2,otp_failure,0
loan,47621.88,46,SMA-1,0.5456,2,missed_emi,0
transaction,8426.02,42,SMA-1,0.7943,0,insufficient_funds,0
transaction,15550.8,29,SMA-0,0.7945,1,otp_failure,0
transaction,9935.61,95,NPA,0.4563,1,insufficient_funds,0
transaction,18001.88,13,SMA-0,0.4126,2,insufficient_funds,1
loan,45849.26,11,SMA-0,0.5194,2,insufficient_funds,0
transaction,2204.63,51,SMA-1,0.6545,1,card_declined,1
transaction,18761.62,61,SMA-2,0.7639,2,insufficient_funds,0
transaction,16597.93,15,SMA-0,0.8789,0,card_declined,1
loan,40608.98,32,SMA-0,0.5953,2,missed_emi,0
loan,14041.01,107,NPA,0.4396,2,missed_emi,0
loan,41230.36,19,Standard,0.5923,2,missed_emi,0
transaction,17077.59,62,SMA-2,0.5847,2,bank_downtime,0
transaction,6138.43,71,SMA-2,0.721,1,otp_failure,0
transaction,19069.07,38,SMA-0,0.6734,3,card_declined,0
transaction,1472.27,105,NPA,0.5589,2,insufficient_funds,0
transaction,3423.23,71,SMA-2,0.264,2,otp_failure,0
transaction,10982.83,39,SMA-1,0.7891,1,card_declined,0
transaction,11727.95,51,SMA-1,0.523,1,card_declined,0
transaction,13080.43,65,SMA-2,0.7104,1,insufficient_funds,0
loan,5763.61,53,SMA-0,0.5578,2,missed_emi,0
transaction,19227.15,93,NPA,0.4572,1,card_declined,0
transaction,1369.47,29,SMA-0,0.2877,3,insufficient_funds,0
loan,11437.79,24,SMA-0,0.6061,2,missed_emi,0
transaction,773.28,17,SMA-0,0.6276,1,insufficient_funds,1
loan,30508.63,2,SMA-1,0.8806,1,missed_emi,0
transaction,18679.2,3,SMA-0,0.3816,3,bank_downtime,0
transaction,13485.97,91,NPA,0.7114,0,insufficient_funds,0
loan,42019.59,63,SMA-2,0.7279,1,missed_emi,0
loan,5597.65,61,SMA-2,0.4726,2,missed_emi,0
loan,29390.69,56,SMA-1,0.2985,1,missed_emi,0
transaction,9461.48,88,NPA,0.2774,3,otp_failure,0
transaction,10229.87,41,SMA-1,0.3803,3,insufficient_funds,0
transaction,1908.16,91,SMA-2,0.7891,2,insufficient_funds,0
transaction,13846.49,29,SMA-0,0.7796,0,card_declined,0
loan,27644.92,102,NPA,0.2393,0,missed_emi,0
transaction,15420.4,66,SMA-2,0.7052,0,insufficient_funds,0
loan,26838.08,20,SMA-0,0.6912,3,missed_emi,0
transaction,3412.94,50,SMA-0,0.4354,3,insufficient_funds,0
transaction,13141.01,47,SMA-1,0.773,2,card_declined,0
transaction,3861.53,10,SMA-0,0.4774,2,insufficient_funds,0
loan,44257.76,53,SMA-1,0.2602,3,insufficient_funds,0
loan,32590.23,25,SMA-0,0.6214,1,insufficient_funds,0
loan,12074.17,3,SMA-1,0.3763,4,insufficient_funds,0
loan,48305.21,107,NPA,0.675,2,insufficient_funds,0
loan,28326.45,59,SMA-1,0.4358,2,insufficient_funds,0
loan,8280.43,93,NPA,0.6939,1,missed_emi,0
transaction,12723.24,63,SMA-2,0.7684,2,bank_downtime,0
transaction,5437.38,29,SMA-0,0.8667,0,card_declined,1
transaction,16172.02,44,SMA-1,0.7399,2,insufficient_funds,0
loan,41801.99,63,SMA-2,0.3878,3,missed_emi,0
loan,49052.63,110,NPA,0.7317,1,insufficient_funds,0
transaction,10286.46,20,SMA-1,0.926,1,card_declined,1
loan,25473.06,92,NPA,0.9166,1,insufficient_funds,0
loan,38906.4,102,NPA,0.4745,2,bank_downtime,0
transaction,3083.18,62,NPA,0.6106,3,otp_failure,1
transaction,11164.85,103,NPA,0.5926,5,insufficient_funds,0
loan,29581.14,33,SMA-2,0.9368,0,missed_emi,0
transaction,2244.73,108,SMA-2,0.1806,4,insufficient_funds,0
loan,23809.28,66,SMA-2,0.2266,3,insufficient_funds,0
transaction,17139.05,3,SMA-0,0.3511,3,otp_failure,0
loan,43526.91,98,NPA,0.6792,3,insufficient_funds,0
loan,9465.69,42,SMA-1,0.5168,2,missed_emi,0
loan,9082.44,39,SMA-1,0.4785,1,missed_emi,0
transaction,5622.56,50,SMA-1,0.512,4,bank_downtime,0
loan,44364.47,11,SMA-0,0.7304,1,missed_emi,1
loan,10800.62,40,SMA-1,0.5786,3,missed_emi,0
transaction,14539.94,85,SMA-2,0.546,1,card_declined,0
loan,9552.45,1,Standard,0.873,3,insufficient_funds,0
transaction,12651.19,22,SMA-0,0.6266,2,otp_failure,0
transaction,7443.31,0,Standard,0.6563,3,bank_downtime,1
transaction,15883.82,35,SMA-0,0.7261,3,otp_failure,0
transaction,5056.96,70,SMA-2,0.6513,0,insufficient_funds,0
transaction,12964.44,80,SMA-2,0.5126,2,insufficient_funds,0
loan,15605.71,106,NPA,0.9092,1,missed_emi,0
transaction,14416.38,55,SMA-1,0.3328,4,card_declined,0
loan,44315.51,20,SMA-0,0.7421,1,missed_emi,0
transaction,2972.64,102,NPA,0.8294,2,otp_failure,0
transaction,17398.62,76,SMA-2,0.6428,1,otp_failure,0
transaction,12074.72,51,SMA-1,0.6912,2,insufficient_funds,0
loan,10719.97,66,SMA-1,0.2977,3,missed_emi,0
transaction,8837.07,102,NPA,0.8593,0,otp_failure,1
loan,12238.71,68,SMA-1,0.676,1,missed_emi,0
loan,36515.65,30,SMA-0,0.6268,0,bank_downtime,0
loan,39149.07,68,SMA-2,0.8481,0,missed_emi,0
transaction,2563.03,3,Standard,0.5448,2,otp_failure,0
transaction,10369.73,32,SMA-1,0.5942,2,card_declined,0
loan,41658.13,34,SMA-1,0.6864,2,missed_emi,0
transaction,18755.18,13,SMA-0,0.4609,2,card_declined,1
loan,28108.3,1,SMA-0,0.5611,2,missed_emi,0
transaction,19030.44,10,SMA-0,0.8329,2,insufficient_funds,1
loan,29106.0,60,SMA-1,0.6996,2,insufficient_funds,0
loan,22738.57,80,SMA-2,0.8198,0,missed_emi,0
loan,43169.14,117,NPA,0.8157,1,insufficient_funds,0
transaction,10113.16,28,SMA-0,0.7486,4,card_declined,1
loan,26235.61,54,SMA-1,0.5894,4,insufficient_funds,0
transaction,10061.09,104,SMA-2,0.4845,3,insufficient_funds,0
transaction,17012.31,13,SMA-0,0.846,0,card_declined,1
loan,42437.37,68,SMA-2,0.1548,3,insufficient_funds,0
loan,23158.4,73,SMA-2,0.4085,2,insufficient_funds,0
loan,19998.49,6,SMA-0,0.3357,3,insufficient_funds,0
loan,27136.76,90,SMA-2,0.6301,1,insufficient_funds,0
transaction,11669.06,82,SMA-2,0.4783,2,insufficient_funds,0
transaction,5147.58,2,SMA-0,0.7138,1,insufficient_funds,0
loan,40727.98,7,SMA-0,0.5535,2,bank_downtime,1
transaction,9986.41,3,SMA-0,0.686,1,card_declined,1
transaction,7013.89,27,SMA-0,0.4603,2,otp_failure,1
transaction,2583.01,44,SMA-1,0.6235,3,insufficient_funds,0
transaction,5157.48,47,SMA-1,0.2044,3,insufficient_funds,0
transaction,19010.98,21,SMA-0,0.7361,4,insufficient_funds,1
transaction,6449.44,99,NPA,0.6827,1,card_declined,0
transaction,3792.76,30,SMA-1,0.9073,0,insufficient_funds,0
transaction,9483.12,3,Standard,0.6156,0,bank_downtime,0
loan,18818.95,24,Standard,0.844,0,bank_downtime,1
transaction,1185.61,46,SMA-1,0.7892,1,otp_failure,1
transaction,6801.33,34,SMA-1,0.851,1,bank_downtime,1
loan,29484.89,22,SMA-0,0.7849,2,missed_emi,0
transaction,11258.39,10,SMA-0,0.2616,4,insufficient_funds,1
loan,21045.15,83,SMA-2,0.5867,2,bank_downtime,0
loan,25128.62,119,NPA,0.7365,1,missed_emi,0
transaction,19327.6,27,SMA-0,0.2351,3,card_declined,0
transaction,7858.3,31,SMA-1,0.5497,2,bank_downtime,0
loan,16620.21,56,SMA-2,0.7392,1,missed_emi,0
loan,15956.02,68,SMA-2,0.4555,2,missed_emi,0
transaction,9426.41,32,SMA-1,0.8469,2,otp_failure,1
loan,39178.41,98,NPA,0.5309,2,missed_emi,0
transaction,4516.77,50,SMA-0,0.8297,1,otp_failure,1
loan,36918.33,38,SMA-1,0.6655,1,bank_downtime,0
transaction,912.42,59,SMA-2,0.4793,2,card_declined,1
loan,23851.98,108,NPA,0.5614,3,insufficient_funds,0
loan,39913.93,79,SMA-2,0.7574,1,insufficient_funds,0
loan,20242.98,3,SMA-0,0.4806,2,bank_downtime,0
transaction,11492.87,27,SMA-0,0.7098,1,card_declined,1
transaction,4497.1,40,SMA-0,0.4827,1,bank_downtime,0
transaction,14968.91,25,SMA-1,0.7701,1,insufficient_funds,0
transaction,1519.44,66,SMA-2,0.7072,1,bank_downtime,0
transaction,17124.58,84,SMA-2,0.3135,2,card_declined,0
loan,13918.84,70,SMA-2,0.6171,2,insufficient_funds,0
transaction,17550.76,117,NPA,0.6495,1,card_declined,1
transaction,7374.32,22,SMA-0,0.743,1,insufficient_funds,1
loan,37520.76,92,NPA,0.6425,1,insufficient_funds,0
loan,19365.14,75,SMA-2,0.2069,3,missed_emi,0
loan,45766.03,30,SMA-0,0.7498,0,insufficient_funds,0
loan,10698.67,71,SMA-2,0.6892,1,missed_emi,0
transaction,3981.14,8,SMA-0,0.8468,0,otp_failure,1
transaction,10114.09,78,SMA-2,0.6702,2,insufficient_funds,0
loan,8687.23,47,SMA-1,0.8205,0,insufficient_funds,0
loan,13819.11,23,SMA-0,0.5613,1,missed_emi,1
transaction,18903.44,61,SMA-2,0.2264,3,card_declined,0
loan,48942.03,59,SMA-1,0.7248,1,insufficient_funds,0
transaction,7837.06,16,SMA-0,0.6075,0,insufficient_funds,0
transaction,18504.08,2,SMA-0,0.8757,2,card_declined,1
transaction,11124.08,36,SMA-2,0.4093,1,insufficient_funds,0
transaction,5759.98,51,SMA-1,0.731,0,insufficient_funds,1
transaction,14196.78,93,NPA,0.6008,0,insufficient_funds,0
transaction,13348.59,103,SMA-2,0.5777,2,card_declined,0
loan,49510.64,46,SMA-1,0.9884,0,missed_emi,0
transaction,5668.42,73,SMA-2,0.4536,1,card_declined,1
transaction,13605.16,37,SMA-1,0.721,2,card_declined,1
loan,7341.07,72,SMA-2,0.2864,2,insufficient_funds,0
loan,10114.07,16,SMA-0,0.6025,1,missed_emi,0
loan,5176.33,30,SMA-0,0.5569,1,missed_emi,0
loan,49975.73,58,SMA-1,0.1992,5,insufficient_funds,0
loan,41102.32,1,SMA-0,0.701,2,bank_downtime,1
transaction,15841.1,69,SMA-2,0.5513,2,card_declined,0
transaction,10439.66,86,SMA-1,0.5079,0,bank_downtime,1
transaction,6351.31,33,SMA-1,0.3383,3,card_declined,0
transaction,3449.65,38,SMA-0,0.5884,2,bank_downtime,1
transaction,6051.16,88,SMA-2,0.6806,1,insufficient_funds,0
loan,21918.7,76,SMA-2,0.8308,0,missed_emi,0
transaction,15248.05,23,Standard,0.3624,4,card_declined,0
transaction,11023.4,26,Standard,0.6181,0,insufficient_funds,0
transaction,2010.93,63,SMA-2,0.6291,1,bank_downtime,0
loan,5811.31,50,SMA-1,0.6204,1,missed_emi,0
transaction,2495.48,12,SMA-0,0.5691,2,card_declined,0
loan,23472.44,25,SMA-0,0.4305,1,insufficient_funds,0
transaction,18697.26,97,NPA,0.6721,1,card_declined,0
transaction,12929.35,65,NPA,0.2092,3,card_declined,0
transaction,16135.61,116,NPA,0.5556,5,card_declined,0
loan,25986.86,75,SMA-2,0.285,5,insufficient_funds,0
transaction,7552.49,106,NPA,0.7213,1,bank_downtime,0
loan,9878.02,17,Standard,0.7172,0,missed_emi,1
transaction,17580.69,76,NPA,0.751,1,bank_downtime,0
transaction,15771.62,1,SMA-0,0.5131,2,bank_downtime,1
loan,12565.31,62,SMA-2,0.2943,4,missed_emi,0
loan,28051.73,40,SMA-1,0.1065,4,missed_emi,0
loan,26931.87,28,SMA-0,0.2652,3,bank_downtime,0
loan,33129.12,90,SMA-2,0.9408,1,missed_emi,0
loan,47578.41,89,SMA-1,0.8542,0,missed_emi,0
loan,31089.71,1,SMA-1,0.7506,1,bank_downtime,1
loan,29309.78,55,SMA-1,0.2087,3,insufficient_funds,0
loan,7264.53,30,SMA-0,0.599,3,missed_emi,0
loan,7830.84,35,SMA-1,0.7401,0,insufficient_funds,1
loan,13430.61,85,SMA-2,0.4088,2,missed_emi,1
loan,6461.18,25,SMA-0,0.6283,3,missed_emi,0
transaction,14995.38,106,NPA,0.8366,0,insufficient_funds,0
loan,37549.86,14,SMA-0,0.9062,2,missed_emi,0
loan,11122.53,61,SMA-2,0.9031,1,missed_emi,0
transaction,16803.54,63,SMA-2,0.4115,4,insufficient_funds,0
loan,11965.37,20,SMA-0,0.4807,2,bank_downtime,1
transaction,6372.92,26,SMA-0,0.7133,0,insufficient_funds,0
transaction,5355.05,85,SMA-2,0.7562,2,otp_failure,0
loan,21753.82,74,SMA-2,0.1508,4,missed_emi,0
transaction,5465.94,27,SMA-0,0.6583,1,insufficient_funds,0
loan,27002.79,47,SMA-1,0.6725,1,insufficient_funds,0
loan,23333.35,4,SMA-0,0.7996,3,insufficient_funds,1
transaction,19738.11,16,SMA-1,0.3238,2,otp_failure,0
transaction,1590.56,42,SMA-1,0.6534,1,insufficient_funds,0
transaction,3272.54,6,SMA-0,0.4777,0,insufficient_funds,0
loan,7377.17,87,SMA-2,0.5704,1,missed_emi,0
loan,33162.85,68,SMA-2,0.8221,0,insufficient_funds,0
loan,7452.92,106,NPA,0.6719,2,missed_emi,0
transaction,16810.57,65,NPA,0.7524,2,insufficient_funds,0
loan,28037.24,105,SMA-2,0.8905,3,bank_downtime,0
transaction,10776.65,49,SMA-1,0.556,0,insufficient_funds,0
loan,30271.75,54,SMA-1,0.8871,0,missed_emi,0
transaction,3830.87,114,NPA,0.7354,0,bank_downtime,0
loan,13896.06,59,SMA-1,0.1195,2,insufficient_funds,0
transaction,6716.94,2,SMA-0,0.8056,0,otp_failure,1
loan,31707.34,69,SMA-1,0.5071,1,insufficient_funds,0
transaction,4597.3,98,SMA-2,0.5524,2,insufficient_funds,0
loan,10234.93,79,SMA-2,0.6464,0,insufficient_funds,0
loan,48655.26,52,SMA-1,0.3922,3,missed_emi,0
transaction,928.65,62,SMA-2,0.5844,4,insufficient_funds,0
loan,41121.38,118,NPA,0.6714,2,missed_emi,0
loan,40461.58,6,SMA-0,0.2922,4,bank_downtime,0
transaction,6295.68,62,SMA-1,0.5475,3,bank_downtime,0
transaction,3144.72,23,SMA-0,0.5406,2,insufficient_funds,0
loan,11553.29,59,SMA-1,0.764,2,missed_emi,0
transaction,14099.92,55,SMA-1,0.7247,2,otp_failure,0
transaction,13034.73,12,SMA-0,0.7901,1,card_declined,1
transaction,15763.54,16,Standard,0.8333,1,card_declined,1
loan,47186.65,56,SMA-1,0.8105,0,insufficient_funds,0
transaction,13992.58,9,SMA-1,0.6085,0,insufficient_funds,1
loan,12013.32,21,SMA-0,0.0467,4,missed_emi,0
loan,15954.92,86,SMA-2,0.4604,2,missed_emi,0
loan,42898.72,26,SMA-0,0.7668,1,missed_emi,0
loan,14418.77,42,SMA-1,0.5225,1,missed_emi,0
transaction,1914.19,105,NPA,0.2051,3,insufficient_funds,0
loan,36647.6,18,SMA-0,0.4189,2,missed_emi,0
transaction,8349.26,32,SMA-1,0.6334,4,card_declined,0
transaction,18440.78,55,SMA-1,0.8218,1,insufficient_funds,0
transaction,13179.97,74,NPA,0.8027,1,insufficient_funds,0
transaction,2263.17,97,SMA-2,0.6935,0,otp_failure,0
loan,47653.55,100,NPA,0.8809,0,missed_emi,0
loan,16635.08,77,NPA,0.6962,1,insufficient_funds,0
transaction,7075.64,18,SMA-0,0.8901,0,card_declined,1
transaction,8344.08,1,SMA-0,0.4735,0,bank_downtime,0
loan,7305.09,32,SMA-1,0.691,1,missed_emi,0
transaction,10182.05,11,SMA-1,0.6005,1,card_declined,1
transaction,2904.71,67,SMA-2,0.6807,1,card_declined,0
transaction,8318.92,61,SMA-2,0.4792,0,card_declined,0
loan,20781.94,3,SMA-0,0.675,1,missed_emi,1
loan,39777.8,86,SMA-2,0.8774,1,insufficient_funds,0
transaction,16161.82,19,SMA-0,0.642,1,bank_downtime,1
transaction,3491.55,36,SMA-1,0.6062,2,otp_failure,1
loan,21494.8,62,SMA-2,0.7935,1,insufficient_funds,0
loan,21800.89,36,SMA-2,0.7034,2,insufficient_funds,0
transaction,3452.5,37,SMA-1,0.6083,0,insufficient_funds,0
loan,40930.41,5,Standard,0.4246,2,missed_emi,0
transaction,14290.95,33,SMA-1,0.6087,1,bank_downtime,0
transaction,4212.44,75,SMA-2,0.2564,5,insufficient_funds,0
loan,21502.49,100,NPA,0.5053,2,insufficient_funds,0
transaction,2563.2,34,SMA-1,0.7089,1,bank_downtime,1
loan,33269.3,35,SMA-2,0.9094,0,missed_emi,0
transaction,2866.75,66,SMA-2,0.8311,0,card_declined,0
transaction,19725.72,106,SMA-2,0.2575,3,card_declined,0
loan,40130.69,21,SMA-0,0.3565,4,missed_emi,0
transaction,8109.65,37,SMA-1,0.8634,0,card_declined,1
loan,31035.38,79,SMA-2,0.6588,1,insufficient_funds,0
transaction,18271.17,55,SMA-1,0.6544,0,bank_downtime,1
transaction,11304.94,8,SMA-0,0.7289,0,card_declined,0
transaction,3902.72,57,SMA-1,0.4101,2,otp_failure,1
loan,22041.65,14,SMA-0,0.6579,1,missed_emi,0
transaction,16941.32,44,SMA-1,0.5654,2,card_declined,1
loan,33989.59,46,SMA-1,0.8369,1,missed_emi,0
transaction,13189.13,93,SMA-2,0.5304,0,insufficient_funds,0
loan,44006.97,39,SMA-1,0.603,1,insufficient_funds,0
transaction,17932.47,22,SMA-0,0.3872,4,card_declined,0
loan,46390.67,18,SMA-0,0.8608,0,missed_emi,0
loan,9268.21,92,NPA,0.6903,1,missed_emi,0
loan,29485.67,13,SMA-0,0.5202,2,missed_emi,0
loan,38322.93,36,SMA-1,0.3742,3,insufficient_funds,0
loan,39061.71,14,SMA-0,0.4098,1,bank_downtime,1
loan,32302.23,76,SMA-2,0.3757,2,missed_emi,0
transaction,3752.35,40,SMA-1,0.553,1,insufficient_funds,0
transaction,16049.7,29,SMA-0,0.7595,2,insufficient_funds,0
loan,37405.01,30,SMA-0,0.8335,0,insufficient_funds,0
loan,8876.11,88,SMA-2,0.3909,5,bank_downtime,0
loan,25871.44,49,SMA-1,0.7086,2,insufficient_funds,1
transaction,3892.56,68,SMA-2,0.9485,1,bank_downtime,1
transaction,7080.8,96,NPA,0.3809,3,insufficient_funds,0
transaction,852.58,97,NPA,0.7029,0,otp_failure,0
loan,23014.84,27,SMA-0,0.475,2,missed_emi,1
transaction,11222.6,108,SMA-2,0.5346,4,insufficient_funds,0
transaction,12581.86,1,SMA-0,0.4715,0,otp_failure,0
transaction,13438.06,31,SMA-1,0.3665,3,otp_failure,0
transaction,16807.68,96,NPA,0.5951,0,card_declined,0
transaction,4701.53,22,SMA-0,0.8764,0,card_declined,1
transaction,2849.4,22,SMA-0,0.3675,2,bank_downtime,0
loan,43319.17,24,SMA-0,0.2969,3,bank_downtime,0
transaction,3553.95,55,SMA-0,0.7831,2,insufficient_funds,0
transaction,19507.82,37,SMA-1,0.4267,1,card_declined,0
transaction,16929.5,70,SMA-2,0.6929,2,insufficient_funds,0
transaction,10267.09,96,NPA,0.7773,0,card_declined,0
transaction,19637.72,63,NPA,0.7794,0,insufficient_funds,0
transaction,2398.85,16,SMA-0,0.6952,1,insufficient_funds,0
loan,18637.96,104,NPA,0.5935,3,missed_emi,0
transaction,12945.38,21,SMA-0,0.4076,3,otp_failure,1
loan,20750.31,11,SMA-0,0.9051,0,missed_emi,0
loan,46776.76,6,SMA-0,0.383,2,insufficient_funds,0
loan,7953.17,50,SMA-0,0.6385,2,missed_emi,0
transaction,11213.53,8,SMA-0,0.5397,2,insufficient_funds,0
transaction,12021.89,10,SMA-0,0.2642,2,bank_downtime,1
transaction,13228.2,24,SMA-0,0.7764,1,insufficient_funds,0
transaction,5485.49,22,SMA-0,0.8896,2,bank_downtime,1
loan,21405.49,54,SMA-1,0.8751,0,bank_downtime,0
transaction,16951.77,83,SMA-2,0.6082,0,insufficient_funds,0
transaction,4301.38,74,SMA-2,0.6714,1,otp_failure,0
loan,42209.05,21,SMA-0,0.3745,3,insufficient_funds,0
loan,30319.49,19,SMA-0,0.7639,0,missed_emi,0
transaction,15362.66,111,NPA,0.4931,3,card_declined,0
transaction,14415.34,0,Standard,0.6887,2,card_declined,0
transaction,4546.47,93,NPA,0.7665,1,insufficient_funds,0
transaction,11591.85,15,SMA-0,0.7779,0,card_declined,1
transaction,17420.6,107,SMA-2,0.7136,4,card_declined,0
transaction,8926.27,28,SMA-0,0.4007,2,card_declined,0
transaction,19348.52,37,SMA-1,0.3506,3,insufficient_funds,0
transaction,9318.19,67,SMA-2,0.8619,4,card_declined,0
transaction,3284.32,53,SMA-1,0.7418,2,insufficient_funds,0
transaction,8093.98,26,SMA-0,0.7359,1,insufficient_funds,1
transaction,19058.2,49,SMA-1,0.6119,1,insufficient_funds,0
loan,19387.44,70,SMA-2,0.5662,1,insufficient_funds,0
loan,44064.42,3,SMA-0,0.3377,4,missed_emi,0
transaction,17684.39,0,Standard,0.8414,1,insufficient_funds,1
transaction,7328.64,39,SMA-1,0.632,1,insufficient_funds,0
transaction,2123.52,10,Standard,0.7295,2,bank_downtime,1
loan,37605.11,62,SMA-2,0.7434,2,insufficient_funds,0
loan,19018.05,17,SMA-0,0.9527,0,missed_emi,1
transaction,15767.01,36,SMA-1,0.4931,2,card_declined,0
loan,24919.47,15,SMA-0,0.6529,1,insufficient_funds,1
transaction,9962.7,48,SMA-1,0.8051,1,card_declined,0
transaction,15669.23,9,SMA-0,0.7041,0,otp_failure,1
loan,22206.35,1,SMA-0,0.4804,2,missed_emi,1
loan,24940.73,3,SMA-0,0.6175,1,bank_downtime,0
loan,21928.57,108,NPA,0.3804,1,bank_downtime,0
loan,21530.32,11,SMA-0,0.7141,0,bank_downtime,0
transaction,10755.96,67,SMA-2,0.5902,2,card_declined,0
loan,41395.98,5,SMA-0,0.2119,2,missed_emi,0
transaction,7554.48,8,SMA-0,0.7932,1,insufficient_funds,1
loan,28591.46,44,SMA-0,0.3084,3,missed_emi,0
transaction,13579.18,40,SMA-1,0.3944,3,insufficient_funds,0
loan,17124.78,108,NPA,0.8753,0,insufficient_funds,0
transaction,5911.69,106,NPA,0.6874,1,bank_downtime,0
loan,47003.59,77,SMA-2,0.7855,0,bank_downtime,1
transaction,14608.92,54,SMA-1,0.7928,1,insufficient_funds,0
loan,30973.4,39,SMA-1,0.8765,1,insufficient_funds,1
transaction,13130.54,29,SMA-0,0.63,2,otp_failure,1
transaction,1071.34,107,NPA,0.6795,0,insufficient_funds,0
transaction,12553.01,54,SMA-0,0.6295,1,otp_failure,0
transaction,10435.42,52,SMA-0,0.8784,0,otp_failure,1
loan,29558.74,18,SMA-1,0.5899,1,missed_emi,0
transaction,7508.76,3,SMA-0,0.6828,1,bank_downtime,1
loan,8666.33,106,SMA-2,0.7666,1,missed_emi,0
transaction,4270.12,25,SMA-0,0.6388,1,insufficient_funds,1
transaction,19039.52,37,SMA-1,0.4693,4,card_declined,0
loan,23391.48,8,SMA-0,0.5485,1,missed_emi,0
loan,26000.74,86,SMA-2,0.6877,1,insufficient_funds,0
transaction,1527.84,2,Standard,0.7019,3,bank_downtime,1
transaction,1232.54,85,SMA-2,0.7894,0,insufficient_funds,0
loan,37273.17,10,SMA-0,0.4044,2,insufficient_funds,1
transaction,10992.85,94,NPA,0.6795,0,otp_failure,0
loan,27891.77,70,SMA-1,0.853,1,missed_emi,0
loan,15940.6,12,SMA-0,0.7898,1,missed_emi,1
loan,38513.78,50,SMA-2,0.2031,3,insufficient_funds,0
transaction,3780.61,25,SMA-0,0.6869,1,insufficient_funds,0
loan,13547.06,14,SMA-0,0.417,3,insufficient_funds,1
transaction,9483.89,90,SMA-2,0.5046,0,card_declined,0
transaction,6082.46,34,SMA-1,0.4268,4,card_declined,0
transaction,5325.53,33,SMA-1,0.5896,1,card_declined,0
transaction,13082.13,13,SMA-0,0.9451,0,insufficient_funds,0
loan,34293.73,32,SMA-1,0.6213,3,missed_emi,0
loan,42103.27,92,NPA,0.5927,3,missed_emi,0
loan,23796.89,30,SMA-0,0.2834,4,missed_emi,0
transaction,1925.16,108,NPA,0.5097,1,otp_failure,0
transaction,5836.49,107,NPA,0.8395,1,card_declined,0
transaction,19610.11,11,SMA-0,0.3595,3,insufficient_funds,0
loan,31831.64,13,SMA-0,0.5194,3,bank_downtime,0
transaction,14339.87,90,SMA-2,0.3087,5,card_declined,0
loan,5331.1,33,SMA-1,0.3992,2,missed_emi,0
transaction,10605.01,0,Standard,0.5689,2,insufficient_funds,1
transaction,1231.81,22,SMA-0,0.5566,3,card_declined,0
loan,30615.36,54,SMA-2,0.8942,0,insufficient_funds,1
transaction,18455.03,80,SMA-2,0.2083,1,bank_downtime,0
loan,48578.86,10,SMA-1,0.8329,0,missed_emi,0
loan,29324.87,8,SMA-0,0.3411,3,insufficient_funds,1
transaction,9434.99,101,NPA,0.812,0,bank_downtime,0
transaction,18927.83,73,SMA-2,0.6248,0,bank_downtime,0
transaction,13635.39,53,SMA-1,0.54,2,insufficient_funds,0
loan,7920.47,75,SMA-2,0.4425,1,missed_emi,0
transaction,9581.65,36,SMA-1,0.9151,0,bank_downtime,0
loan,15811.03,74,SMA-1,0.7611,0,insufficient_funds,0
loan,26141.19,31,SMA-1,0.6785,2,missed_emi,0
loan,25495.95,19,SMA-0,0.7656,0,insufficient_funds,1
transaction,11851.82,70,SMA-2,0.1186,4,card_declined,0
loan,21054.67,35,SMA-1,0.9117,1,insufficient_funds,0
loan,12392.17,115,NPA,0.9185,0,bank_downtime,0
transaction,10322.53,28,SMA-0,0.5498,1,otp_failure,1
transaction,16688.96,101,NPA,0.4016,3,insufficient_funds,0
loan,34880.55,104,NPA,0.2685,3,missed_emi,0
transaction,7098.17,19,SMA-0,0.9442,0,card_declined,1
loan,47098.54,80,SMA-2,0.3314,3,missed_emi,0
transaction,18288.05,36,SMA-1,0.6603,1,insufficient_funds,0
transaction,4582.29,100,NPA,0.2645,3,insufficient_funds,0
loan,6773.79,38,SMA-1,0.8922,0,missed_emi,0
transaction,14955.52,72,SMA-2,0.2057,3,card_declined,0
transaction,16638.4,40,SMA-1,0.824,1,insufficient_funds,0
transaction,19373.36,18,SMA-0,0.3984,5,insufficient_funds,0
transaction,17851.81,15,Standard,0.6524,1,card_declined,1
transaction,12210.43,36,SMA-1,0.5997,2,insufficient_funds,0
transaction,10836.02,74,SMA-2,0.4454,3,insufficient_funds,0
loan,6252.85,55,SMA-1,0.7271,1,missed_emi,0
transaction,5309.8,65,SMA-2,0.6095,1,card_declined,0
loan,25682.66,22,Standard,0.4901,3,missed_emi,0
transaction,12755.83,41,SMA-1,0.6331,2,otp_failure,1
loan,30076.33,3,SMA-0,0.3007,3,missed_emi,0
transaction,14981.4,83,SMA-2,0.4457,1,bank_downtime,0
loan,17589.51,118,NPA,0.6893,1,insufficient_funds,0
transaction,11516.58,34,SMA-1,0.8122,0,card_declined,1
transaction,2218.77,0,Standard,0.8222,0,otp_failure,1
transaction,8566.48,13,SMA-0,0.6936,1,card_declined,0
transaction,15128.14,60,SMA-1,0.849,0,otp_failure,0
transaction,14021.32,55,SMA-1,0.9503,0,card_declined,1
transaction,19817.53,78,SMA-2,0.3435,2,card_declined,0
loan,17505.1,20,SMA-0,0.7195,3,insufficient_funds,1
transaction,10214.69,75,SMA-2,0.6407,2,insufficient_funds,0
transaction,6925.84,65,NPA,0.5172,3,bank_downtime,0
loan,24827.14,26,SMA-0,0.8121,0,bank_downtime,1
loan,43562.76,48,SMA-2,0.8999,0,insufficient_funds,0
transaction,13842.08,11,SMA-0,0.6687,2,card_declined,1
transaction,17707.6,38,SMA-1,0.512,2,insufficient_funds,0
transaction,4468.47,93,NPA,0.4937,2,bank_downtime,0
loan,44301.25,35,SMA-1,0.6813,0,insufficient_funds,0
loan,7689.3,86,SMA-1,0.8835,0,insufficient_funds,0
transaction,17827.69,53,SMA-0,0.3299,4,insufficient_funds,0
loan,19808.32,15,SMA-0,0.4364,1,missed_emi,1
loan,19156.44,52,SMA-1,0.4938,2,missed_emi,0
transaction,10485.73,44,SMA-1,0.8367,0,bank_downtime,1
loan,47331.06,33,SMA-0,0.5951,2,insufficient_funds,0
transaction,1431.74,9,SMA-0,0.8319,0,otp_failure,1
transaction,7368.5,35,SMA-1,0.7563,2,card_declined,1
transaction,17203.15,5,SMA-0,0.6624,0,insufficient_funds,0
transaction,8223.06,7,SMA-0,0.6537,2,insufficient_funds,0
transaction,4383.56,35,SMA-1,0.5084,0,bank_downtime,1
loan,24115.74,24,SMA-0,0.1386,3,insufficient_funds,0
transaction,8018.27,102,SMA-2,0.5373,3,otp_failure,0
transaction,18350.62,31,SMA-1,0.8675,1,bank_downtime,1
transaction,15357.72,74,SMA-2,0.3251,5,card_declined,0
loan,27730.2,46,SMA-1,0.6945,0,missed_emi,1
transaction,19773.23,67,SMA-2,0.7819,1,bank_downtime,0
transaction,9572.91,20,SMA-0,0.4907,1,bank_downtime,1
transaction,1635.64,106,NPA,0.5458,1,otp_failure,0
transaction,5614.35,46,SMA-1,0.7689,0,bank_downtime,0
loan,24623.17,85,SMA-2,0.6054,0,insufficient_funds,0
loan,12060.62,30,SMA-0,0.7264,2,missed_emi,0
transaction,18977.52,7,SMA-0,0.5802,1,bank_downtime,1
loan,39508.2,63,SMA-2,0.7881,1,missed_emi,0
loan,17072.92,0,Standard,0.8199,0,insufficient_funds,1
loan,31586.2,41,SMA-1,0.8214,0,bank_downtime,1
transaction,14568.26,15,SMA-0,0.2033,5,insufficient_funds,0
transaction,18854.94,57,SMA-1,0.2984,3,insufficient_funds,0
transaction,17691.89,115,NPA,0.7547,3,insufficient_funds,0
loan,28183.65,39,SMA-1,0.7564,3,missed_emi,0
transaction,15605.73,83,SMA-2,0.8044,2,insufficient_funds,0
transaction,11461.82,44,SMA-1,0.748,2,otp_failure,0
transaction,11277.73,43,SMA-1,0.7263,1,card_declined,0
loan,10163.39,103,NPA,0.6842,0,missed_emi,0
transaction,2959.68,95,NPA,0.4795,2,insufficient_funds,0
loan,28829.01,78,SMA-2,0.3844,3,missed_emi,0
loan,17098.77,24,SMA-0,0.7126,2,missed_emi,0
transaction,910.22,48,SMA-1,0.5736,3,card_declined,0
loan,37527.76,17,SMA-0,0.4394,2,missed_emi,0
transaction,1133.49,37,SMA-1,0.4725,0,otp_failure,0
loan,31787.46,41,SMA-1,0.5822,1,missed_emi,0
transaction,11014.28,85,NPA,0.9601,0,insufficient_funds,0
loan,48596.66,96,NPA,0.6697,0,bank_downtime,0
loan,26789.59,35,SMA-0,0.8608,1,missed_emi,0
loan,7862.06,1,Standard,0.6773,1,insufficient_funds,1
loan,29825.96,90,SMA-2,0.6064,0,missed_emi,0
transaction,16901.38,13,SMA-0,0.6499,1,insufficient_funds,0
loan,49858.22,57,SMA-1,0.521,2,insufficient_funds,0
loan,24365.44,1,SMA-0,0.5558,2,missed_emi,0
transaction,6745.83,33,SMA-1,0.7911,3,card_declined,0
transaction,18179.74,116,NPA,0.5257,1,insufficient_funds,0
loan,13605.9,7,SMA-1,0.6077,1,missed_emi,0
loan,32694.3,35,SMA-1,0.754,2,bank_downtime,1
loan,23257.15,25,SMA-0,0.8667,0,insufficient_funds,0
transaction,1301.11,98,NPA,0.3143,3,insufficient_funds,0
loan,20627.98,91,NPA,0.52,2,missed_emi,0
transaction,5671.96,19,SMA-0,0.2314,3,bank_downtime,0
loan,35874.1,6,SMA-0,0.5721,0,bank_downtime,1
transaction,19001.41,57,SMA-1,0.2399,3,card_declined,0
loan,17062.12,27,SMA-0,0.7488,1,missed_emi,1
loan,41515.97,63,SMA-2,0.6565,1,insufficient_funds,0
transaction,1579.52,2,SMA-0,0.536,2,bank_downtime,1
loan,29215.45,10,SMA-0,0.2225,3,insufficient_funds,0
transaction,1875.73,64,SMA-2,0.5195,2,otp_failure,0
loan,47031.48,16,SMA-0,0.3858,2,insufficient_funds,0
loan,39485.81,89,SMA-2,0.3848,2,missed_emi,0
transaction,13330.02,4,SMA-0,0.8601,0,card_declined,1
loan,42075.34,17,SMA-0,0.8553,0,missed_emi,1
loan,34138.39,120,NPA,0.2879,3,missed_emi,0
transaction,19394.42,36,SMA-1,0.6859,1,card_declined,0
transaction,14422.18,66,SMA-2,0.5095,1,card_declined,0
loan,46609.64,14,SMA-0,0.5267,3,insufficient_funds,0
loan,28270.94,55,SMA-1,0.9308,0,insufficient_funds,0
loan,10267.9,70,SMA-2,0.725,0,insufficient_funds,0
loan,28768.0,25,SMA-0,0.4428,1,missed_emi,0
transaction,2974.02,84,SMA-2,0.685,1,bank_downtime,0
loan,31662.21,54,SMA-1,0.4979,2,missed_emi,0
transaction,9908.61,32,SMA-1,0.6942,2,card_declined,0
transaction,12640.22,49,SMA-1,0.6963,1,card_declined,0
transaction,695.92,51,SMA-1,0.7693,3,bank_downtime,1
transaction,4299.39,13,SMA-0,0.6308,0,insufficient_funds,0
transaction,10080.94,33,SMA-1,0.1285,4,card_declined,0
transaction,19034.82,28,SMA-1,0.4213,3,insufficient_funds,0
loan,22262.41,33,SMA-1,0.5411,2,insufficient_funds,0
transaction,8775.25,74,NPA,0.6196,0,card_declined,0
transaction,14436.57,41,SMA-1,0.3109,3,bank_downtime,0
transaction,12273.96,105,NPA,0.3598,5,card_declined,0
transaction,6329.06,23,SMA-0,0.6824,1,otp_failure,0
transaction,8510.92,35,SMA-1,0.7046,1,otp_failure,0
transaction,4745.15,78,SMA-2,0.4796,2,bank_downtime,0
loan,48470.97,48,SMA-1,0.4624,0,insufficient_funds,0
loan,10878.55,48,SMA-1,0.465,2,insufficient_funds,0
loan,21732.66,4,SMA-0,0.8373,0,missed_emi,1
transaction,1003.86,33,SMA-1,0.3108,3,insufficient_funds,0
transaction,4824.7,21,SMA-0,0.9442,1,otp_failure,1
loan,40121.2,120,NPA,0.3563,3,insufficient_funds,0
transaction,4422.92,25,SMA-0,0.6991,5,bank_downtime,1
transaction,2061.24,94,NPA,0.5936,1,insufficient_funds,0
transaction,9751.84,63,SMA-2,0.575,2,otp_failure,0
transaction,694.4,28,SMA-0,0.2904,4,insufficient_funds,0
transaction,2152.94,48,SMA-1,0.4091,1,insufficient_funds,0
transaction,16248.7,86,SMA-2,0.5535,1,otp_failure,0
transaction,15543.73,94,NPA,0.8455,0,card_declined,0
transaction,18345.21,12,SMA-0,0.6983,1,card_declined,1
loan,43453.19,28,SMA-0,0.6494,4,insufficient_funds,0
loan,35742.9,27,SMA-0,0.4897,2,missed_emi,0
loan,7354.98,3,Standard,0.7751,2,insufficient_funds,0
loan,40228.19,54,SMA-1,0.6217,2,insufficient_funds,0
loan,43047.99,89,SMA-2,0.8239,0,insufficient_funds,0
transaction,16082.1,31,SMA-1,0.3638,3,bank_downtime,0
transaction,10415.34,71,SMA-1,0.6065,1,insufficient_funds,0
transaction,5041.59,57,SMA-1,0.8494,0,otp_failure,0
loan,43039.85,31,SMA-1,0.6241,2,insufficient_funds,0
loan,37722.33,11,Standard,0.2003,3,missed_emi,0
transaction,19624.84,67,SMA-2,0.5783,2,insufficient_funds,0
loan,12006.17,89,SMA-2,0.537,2,missed_emi,0
transaction,4900.46,64,SMA-2,0.5928,1,insufficient_funds,0
loan,14530.92,1,SMA-0,0.6546,1,insufficient_funds,0
transaction,15954.53,17,SMA-0,0.8805,0,otp_failure,1
transaction,4144.69,5,SMA-0,0.5182,2,otp_failure,0
transaction,1799.87,51,SMA-1,0.6261,3,insufficient_funds,0
transaction,19971.94,74,SMA-2,0.6477,1,otp_failure,0
transaction,983.94,8,SMA-0,0.7656,0,insufficient_funds,1
transaction,16787.26,86,SMA-2,0.494,1,insufficient_funds,0
loan,21441.51,49,SMA-1,0.456,2,missed_emi,0
transaction,16911.5,65,NPA,0.2855,3,insufficient_funds,0
transaction,11315.1,113,NPA,0.7614,3,insufficient_funds,0
loan,45573.41,6,SMA-0,0.7535,1,missed_emi,1
loan,46678.68,97,NPA,0.3468,2,missed_emi,0
transaction,677.41,9,SMA-0,0.6791,0,card_declined,0
transaction,1970.54,33,SMA-1,0.7641,1,card_declined,0
transaction,5382.0,88,SMA-2,0.6536,1,otp_failure,1
transaction,13551.65,98,NPA,0.1713,3,insufficient_funds,0
loan,44972.25,44,SMA-1,0.7647,1,insufficient_funds,0
transaction,9468.87,53,SMA-1,0.302,4,bank_downtime,0
transaction,12335.98,67,SMA-2,0.5189,2,card_declined,0
loan,13482.49,85,SMA-2,0.6574,1,insufficient_funds,0
transaction,16196.85,9,SMA-0,0.6163,2,otp_failure,0
transaction,19362.9,82,SMA-2,0.3618,2,otp_failure,0
transaction,5737.68,41,SMA-1,0.57,1,card_declined,0
loan,27267.17,38,SMA-1,0.6847,0,bank_downtime,1
transaction,2179.26,35,SMA-1,0.4636,1,otp_failure,1
loan,30161.15,44,SMA-2,0.7045,3,missed_emi,0
transaction,10304.28,106,NPA,0.2602,2,insufficient_funds,0
transaction,3316.51,48,SMA-1,0.6564,1,card_declined,0
loan,24892.98,108,NPA,0.8699,1,insufficient_funds,0
loan,20034.71,14,SMA-0,0.5925,2,missed_emi,0
loan,28482.39,69,SMA-2,0.3026,3,missed_emi,0
loan,31354.45,82,SMA-2,0.768,1,missed_emi,0
loan,5382.3,63,NPA,0.5378,2,insufficient_funds,0
transaction,15339.62,55,SMA-2,0.886,2,card_declined,1
transaction,14403.78,50,SMA-1,0.529,0,insufficient_funds,0
loan,21482.89,90,SMA-2,0.4678,0,missed_emi,1
transaction,1532.25,83,SMA-2,0.8251,0,card_declined,1
loan,38971.96,9,SMA-0,0.7208,1,missed_emi,0
loan,47982.88,88,SMA-2,0.9066,0,missed_emi,0
transaction,5182.96,35,SMA-1,0.3883,5,card_declined,0
transaction,6808.73,20,SMA-0,0.5148,3,card_declined,1
loan,13271.58,91,NPA,0.737,2,insufficient_funds,0
transaction,11750.25,36,SMA-1,0.332,3,otp_failure,0
loan,11967.86,81,SMA-1,0.9144,0,missed_emi,0
transaction,7445.78,21,Standard,0.5115,3,insufficient_funds,1
loan,36365.59,0,Standard,0.5203,3,missed_emi,0
transaction,11422.26,43,SMA-1,0.6057,1,insufficient_funds,1
loan,22390.82,7,SMA-1,0.4686,3,insufficient_funds,0
transaction,8694.87,73,SMA-2,0.8284,3,bank_downtime,0
transaction,11461.16,22,SMA-0,0.756,1,bank_downtime,1
transaction,614.36,37,SMA-1,0.4523,1,card_declined,0
loan,8532.94,6,Standard,0.6025,1,insufficient_funds,1
loan,44656.61,23,SMA-0,0.7074,4,missed_emi,0
transaction,2018.64,77,SMA-2,0.717,1,bank_downtime,0
transaction,14282.67,11,SMA-1,0.5609,2,card_declined,1
transaction,18440.74,60,SMA-1,0.2414,3,bank_downtime,0
loan,17180.76,100,NPA,0.5753,1,bank_downtime,0
loan,21672.11,64,SMA-2,0.9005,0,insufficient_funds,1
transaction,11593.97,82,SMA-2,0.6459,1,insufficient_funds,0
transaction,17693.32,8,SMA-0,0.5835,3,bank_downtime,1
transaction,18867.16,20,SMA-0,0.5651,2,card_declined,1
transaction,14921.48,96,NPA,0.5136,3,bank_downtime,0
transaction,2189.09,68,SMA-2,0.6877,1,otp_failure,0
loan,35111.94,59,SMA-1,0.744,0,missed_emi,0
transaction,8500.92,62,SMA-2,0.2902,4,card_declined,0
loan,26181.54,35,SMA-1,0.483,2,missed_emi,0
transaction,1458.39,3,SMA-0,0.3812,2,insufficient_funds,0
transaction,4225.71,78,SMA-2,0.4387,1,card_declined,0
loan,40573.11,63,SMA-2,0.8676,0,insufficient_funds,0
loan,25428.15,40,SMA-1,0.8056,0,bank_downtime,1
loan,18574.8,97,NPA,0.7293,1,missed_emi,1
transaction,7988.37,27,SMA-0,0.6015,2,otp_failure,0
transaction,17160.79,23,SMA-0,0.3228,3,card_declined,0
loan,38704.96,92,NPA,0.4615,3,missed_emi,0
transaction,5810.15,80,SMA-2,0.8025,0,card_declined,0
transaction,2791.29,45,SMA-1,0.4655,2,card_declined,0
transaction,5413.97,10,SMA-0,0.2254,2,otp_failure,0
transaction,18454.75,17,SMA-0,0.4739,3,card_declined,0
loan,31171.5,61,SMA-2,0.4111,4,missed_emi,0
transaction,10902.86,32,SMA-1,0.5064,2,otp_failure,0
transaction,12129.68,86,SMA-2,0.3591,3,otp_failure,0
transaction,7637.55,107,NPA,0.417,2,insufficient_funds,0
transaction,16238.59,81,NPA,0.5896,3,insufficient_funds,0
transaction,10704.08,31,SMA-1,0.6374,1,insufficient_funds,0
transaction,2776.58,78,SMA-2,0.7602,2,card_declined,0
transaction,3016.77,29,SMA-0,0.5428,1,card_declined,1
loan,29158.66,13,SMA-1,0.5947,2,insufficient_funds,0
transaction,18763.12,2,SMA-0,0.9035,1,insufficient_funds,1
transaction,6512.87,32,SMA-1,0.7603,3,card_declined,1
loan,44129.35,98,NPA,0.6075,1,insufficient_funds,0
loan,39384.3,19,SMA-0,0.762,1,insufficient_funds,0
transaction,5332.34,16,SMA-0,0.5903,4,insufficient_funds,0
transaction,1208.64,112,NPA,0.6738,0,insufficient_funds,0
transaction,2486.02,1,SMA-0,0.566,2,card_declined,1
loan,37782.23,78,SMA-2,0.4001,2,missed_emi,0
loan,13985.14,26,SMA-0,0.6591,0,bank_downtime,1
loan,21707.19,2,SMA-0,0.9495,0,insufficient_funds,1
transaction,10283.13,100,NPA,0.8355,1,card_declined,0
loan,37646.07,10,SMA-1,0.4158,2,missed_emi,0
transaction,2708.01,49,SMA-1,0.3706,3,otp_failure,1
transaction,8424.14,22,SMA-0,0.3792,4,card_declined,0
transaction,9958.92,4,SMA-0,0.3905,5,card_declined,0
loan,29337.22,3,Standard,0.4237,3,insufficient_funds,0
transaction,16458.03,8,SMA-0,0.6706,2,bank_downtime,1
loan,12725.52,5,SMA-0,0.3707,5,bank_downtime,0
transaction,16252.71,74,SMA-2,0.1816,4,bank_downtime,0
transaction,14011.13,42,SMA-1,0.4917,5,insufficient_funds,0
transaction,11339.48,28,SMA-0,0.5889,3,bank_downtime,1
transaction,14140.79,35,SMA-1,0.6445,1,card_declined,0
loan,23540.8,103,NPA,0.8542,1,missed_emi,0
transaction,3198.75,99,NPA,0.8769,2,insufficient_funds,0
loan,34959.44,68,SMA-2,0.4118,2,insufficient_funds,0
loan,28610.25,94,NPA,0.5541,3,insufficient_funds,0
loan,33771.87,26,SMA-0,0.3682,2,missed_emi,0
transaction,7090.98,31,SMA-1,0.1858,5,bank_downtime,0
transaction,18183.9,56,SMA-1,0.6934,1,insufficient_funds,0
transaction,11953.71,57,SMA-1,0.4195,1,card_declined,0
loan,8843.11,41,SMA-1,0.5262,3,insufficient_funds,0
loan,25241.18,33,SMA-1,0.6185,1,insufficient_funds,0
transaction,15248.94,116,NPA,0.4439,1,card_declined,0
loan,40736.06,83,SMA-2,0.7983,1,missed_emi,0
transaction,10144.64,37,SMA-1,0.3765,1,card_declined,1
loan,45263.64,70,SMA-2,0.3442,2,missed_emi,0
transaction,5719.53,21,SMA-0,0.3238,3,bank_downtime,0
loan,23476.94,7,SMA-1,0.7562,2,insufficient_funds,0
transaction,18022.64,29,Standard,0.8,0,insufficient_funds,0
loan,45331.55,33,SMA-1,0.7659,1,insufficient_funds,0
loan,35857.07,1,SMA-0,0.4275,3,missed_emi,0
loan,43654.12,82,SMA-2,0.2744,3,bank_downtime,0
transaction,2231.08,29,SMA-0,0.3839,3,bank_downtime,1
transaction,17367.4,52,SMA-1,0.5502,2,card_declined,0
transaction,6752.09,5,SMA-0,0.1982,4,otp_failure,0
transaction,3977.46,13,Standard,0.5502,1,bank_downtime,1
transaction,5167.71,95,NPA,0.8387,3,insufficient_funds,0
loan,23808.58,55,SMA-1,0.301,1,missed_emi,0
transaction,5398.24,107,NPA,0.9564,0,card_declined,0
transaction,6751.07,120,NPA,0.7232,1,insufficient_funds,0
transaction,3132.08,31,SMA-1,0.6404,1,insufficient_funds,0
transaction,6275.45,24,SMA-0,0.7824,1,otp_failure,1
loan,30752.77,89,SMA-2,0.8162,0,insufficient_funds,0
transaction,9116.15,120,NPA,0.7437,1,insufficient_funds,0
loan,20602.34,57,SMA-0,0.8287,0,bank_downtime,1
transaction,15055.82,79,SMA-2,0.3666,4,card_declined,0
loan,45207.95,77,SMA-2,0.3233,2,missed_emi,0
loan,39055.52,29,SMA-0,0.5224,3,insufficient_funds,0
transaction,6974.01,51,SMA-1,0.3668,3,card_declined,0
loan,38499.9,85,SMA-1,0.8087,0,insufficient_funds,0
transaction,3463.61,65,SMA-2,0.5039,1,bank_downtime,1
loan,10864.31,1,SMA-0,0.6527,2,insufficient_funds,1
transaction,7239.73,27,SMA-0,0.7462,1,insufficient_funds,0
loan,41346.61,11,SMA-0,0.8088,0,insufficient_funds,0
loan,16085.67,18,SMA-1,0.6923,1,insufficient_funds,0
loan,7846.4,98,NPA,0.6184,2,missed_emi,0
loan,10926.93,2,SMA-0,0.6301,1,insufficient_funds,0
transaction,17245.53,17,SMA-0,0.8589,0,card_declined,0
transaction,12858.77,25,SMA-0,0.6949,1,insufficient_funds,0
transaction,5437.42,56,SMA-1,0.173,2,bank_downtime,0
transaction,11328.27,47,SMA-1,0.7875,1,card_declined,0
loan,28741.08,17,SMA-0,0.3618,3,missed_emi,0
transaction,13281.0,12,Standard,0.8839,0,card_declined,0
loan,15493.44,18,SMA-0,0.5838,2,insufficient_funds,0
loan,43898.13,43,SMA-1,0.5798,2,missed_emi,0
loan,18921.59,21,Standard,0.5927,2,bank_downtime,1
transaction,14035.57,107,NPA,0.8119,0,card_declined,0
loan,5725.61,39,SMA-1,0.7048,1,missed_emi,0
loan,21769.57,4,SMA-0,0.6974,0,missed_emi,0
transaction,7358.34,70,SMA-2,0.9899,1,otp_failure,0
loan,29456.8,27,SMA-0,0.7797,0,bank_downtime,1
loan,8273.13,60,SMA-1,0.3952,3,missed_emi,0
transaction,15907.56,22,SMA-0,0.7035,1,otp_failure,1
transaction,4746.73,51,SMA-1,0.6669,2,otp_failure,1
transaction,13702.24,76,SMA-2,0.6013,2,insufficient_funds,0
transaction,16162.64,103,NPA,0.8041,0,insufficient_funds,0
transaction,11456.6,21,SMA-0,0.7038,1,bank_downtime,1
transaction,14947.22,27,SMA-0,0.2943,2,insufficient_funds,0
transaction,13406.28,39,SMA-1,0.341,2,bank_downtime,0
transaction,7432.83,102,NPA,0.337,4,insufficient_funds,0
loan,41398.63,97,NPA,0.7432,0,insufficient_funds,0
transaction,6246.68,6,SMA-0,0.7299,1,otp_failure,1
loan,30704.58,10,Standard,0.7671,0,bank_downtime,1
transaction,15035.26,43,SMA-1,0.4933,2,card_declined,0
transaction,7889.64,8,SMA-0,0.8217,2,bank_downtime,1
transaction,6403.97,28,SMA-0,0.4502,2,insufficient_funds,1
transaction,9457.25,11,SMA-0,0.2924,3,insufficient_funds,1
transaction,16450.29,58,SMA-1,0.5694,2,insufficient_funds,0
loan,46846.48,107,SMA-2,0.6007,1,missed_emi,0
transaction,11129.13,120,SMA-2,0.6761,1,insufficient_funds,0
loan,34765.98,31,SMA-1,0.6365,1,bank_downtime,0
loan,45647.31,54,SMA-1,0.4717,2,missed_emi,0
transaction,2421.66,89,SMA-2,0.646,2,insufficient_funds,0
transaction,5025.53,9,SMA-0,0.7149,0,bank_downtime,1
loan,36900.5,65,SMA-2,0.6061,0,bank_downtime,0
transaction,16563.02,34,SMA-0,0.4373,5,card_declined,0
transaction,17212.07,16,SMA-1,0.4987,3,insufficient_funds,0
loan,23679.82,33,SMA-0,0.8187,1,bank_downtime,1
transaction,2242.13,5,SMA-0,0.2244,3,bank_downtime,1
loan,24700.17,65,SMA-2,0.6399,1,bank_downtime,1
loan,15383.06,20,SMA-0,0.5016,2,insufficient_funds,0
transaction,6178.33,25,SMA-0,0.3301,2,otp_failure,1
transaction,15559.22,9,SMA-0,0.484,3,bank_downtime,0
transaction,1972.78,90,SMA-2,0.6114,1,otp_failure,0
transaction,16637.83,42,SMA-1,0.7229,3,insufficient_funds,0
transaction,8839.55,51,SMA-1,0.4004,2,card_declined,0
loan,31822.88,51,SMA-1,0.8167,0,missed_emi,0
transaction,2248.22,34,SMA-1,0.3392,3,insufficient_funds,0
transaction,7078.5,15,SMA-0,0.2529,1,insufficient_funds,0
loan,9036.54,72,SMA-2,0.3088,3,missed_emi,0
loan,48269.47,9,SMA-0,0.9522,0,missed_emi,0
loan,41326.77,8,SMA-0,0.3325,3,insufficient_funds,0
transaction,9462.84,67,SMA-2,0.4419,4,insufficient_funds,0
loan,15062.11,16,SMA-0,0.4032,4,insufficient_funds,1
transaction,18702.37,25,SMA-0,0.6461,3,card_declined,0
transaction,7219.63,41,SMA-1,0.6227,1,insufficient_funds,0
transaction,3639.2,38,SMA-0,0.4417,2,bank_downtime,0
loan,30342.4,67,SMA-1,0.1793,5,missed_emi,0
transaction,18903.6,57,SMA-1,0.8575,0,insufficient_funds,0
transaction,574.69,59,SMA-1,0.7921,1,otp_failure,0
transaction,5143.43,68,SMA-2,0.7929,2,card_declined,0
transaction,18799.73,23,SMA-0,0.3707,4,otp_failure,0
loan,12698.87,26,SMA-0,0.3265,3,bank_downtime,0
loan,10095.96,37,SMA-0,0.7549,1,missed_emi,0
loan,30658.42,25,SMA-0,0.4418,1,insufficient_funds,0
transaction,17305.95,116,SMA-2,0.3883,3,insufficient_funds,0
transaction,9803.64,82,SMA-2,0.4121,2,card_declined,0
transaction,19894.0,12,SMA-0,0.7434,1,insufficient_funds,0
transaction,13743.85,0,Standard,0.4759,1,card_declined,1
transaction,1944.46,3,SMA-0,0.4006,1,insufficient_funds,0
loan,49677.45,19,SMA-0,0.5697,2,insufficient_funds,0
transaction,8453.94,8,SMA-0,0.6869,1,card_declined,0
transaction,6104.35,47,SMA-1,0.5498,2,card_declined,0
transaction,11378.64,89,SMA-2,0.527,2,card_declined,0
transaction,6434.0,71,SMA-2,0.717,1,bank_downtime,0
transaction,2185.92,17,SMA-0,0.8338,1,insufficient_funds,0
loan,5064.28,33,SMA-1,0.6418,0,missed_emi,0
loan,25231.25,44,SMA-1,0.3414,4,missed_emi,0
loan,42658.85,82,SMA-2,0.5099,3,insufficient_funds,0
transaction,11660.15,86,SMA-1,0.7034,1,insufficient_funds,0
transaction,19984.54,99,NPA,0.2924,4,insufficient_funds,0
transaction,6093.51,44,SMA-1,0.4246,2,otp_failure,1
transaction,5968.87,65,SMA-2,0.7033,1,insufficient_funds,0
loan,12188.73,8,Standard,0.838,0,missed_emi,1
transaction,3699.24,50,SMA-1,0.5335,2,bank_downtime,1
transaction,6061.14,19,SMA-0,0.9016,0,otp_failure,1
transaction,15960.38,36,SMA-1,0.465,2,otp_failure,0
transaction,18162.26,58,SMA-1,0.9597,0,insufficient_funds,0
loan,48878.92,20,SMA-0,0.5968,0,insufficient_funds,0
transaction,5029.65,3,SMA-0,0.886,0,bank_downtime,1
transaction,17685.3,0,Standard,0.7311,0,card_declined,1
transaction,6900.97,1,SMA-0,0.4088,3,insufficient_funds,0
transaction,2700.39,0,Standard,0.8549,1,insufficient_funds,1
loan,44151.12,8,Standard,0.7013,1,missed_emi,0
loan,33624.75,19,SMA-0,0.6384,0,missed_emi,0
loan,12412.89,17,SMA-0,0.7426,0,insufficient_funds,1
loan,24342.41,117,NPA,0.5117,2,bank_downtime,1
transaction,6101.53,25,SMA-0,0.7095,4,card_declined,0
loan,38155.76,9,SMA-0,0.7471,1,insufficient_funds,1
transaction,9341.62,48,SMA-0,0.3691,4,bank_downtime,0
transaction,19790.96,89,SMA-2,0.7825,2,otp_failure,0
loan,7463.52,63,SMA-2,0.4202,0,missed_emi,0
transaction,7422.8,24,SMA-0,0.2807,4,insufficient_funds,0
loan,26685.51,50,SMA-1,0.6651,1,missed_emi,0
transaction,10311.1,68,SMA-2,0.1194,5,card_declined,0
loan,19217.11,70,SMA-2,0.9364,0,missed_emi,0
loan,37815.81,62,SMA-2,0.4543,1,insufficient_funds,0
loan,44363.62,92,NPA,0.5194,4,bank_downtime,0
loan,47242.37,91,NPA,0.6664,1,insufficient_funds,0
loan,41229.2,52,SMA-1,0.5633,3,insufficient_funds,0
transaction,17086.31,36,SMA-0,0.569,1,insufficient_funds,1
transaction,11235.63,59,SMA-2,0.7882,1,insufficient_funds,0
transaction,16604.82,83,SMA-2,0.2289,3,insufficient_funds,0
loan,18657.68,0,Standard,0.7265,4,insufficient_funds,0
transaction,8270.34,118,SMA-2,0.3834,2,card_declined,0
loan,19261.09,14,SMA-0,0.74,1,missed_emi,0
transaction,9614.05,40,SMA-1,0.9009,1,insufficient_funds,0
transaction,6068.8,92,NPA,0.861,3,insufficient_funds,0
loan,48272.51,17,SMA-0,0.4622,2,missed_emi,0
transaction,6600.47,41,SMA-1,0.2112,3,insufficient_funds,0
transaction,2411.87,10,SMA-0,0.5752,2,bank_downtime,0
transaction,10772.93,33,SMA-0,0.3,2,insufficient_funds,0
loan,7569.46,13,SMA-0,0.6444,2,insufficient_funds,0
loan,9974.44,30,SMA-0,0.3426,2,missed_emi,0
transaction,4778.09,31,SMA-1,0.3092,3,card_declined,0
transaction,9554.83,118,NPA,0.4085,2,insufficient_funds,0
transaction,8948.39,119,NPA,0.4441,1,insufficient_funds,0
loan,40986.13,8,SMA-1,0.2383,3,insufficient_funds,0
loan,38276.36,69,SMA-2,0.285,4,missed_emi,0
transaction,8813.21,3,SMA-1,0.7318,1,card_declined,0
transaction,7007.23,2,SMA-0,0.5711,1,otp_failure,1
transaction,6671.14,8,SMA-0,0.5705,0,card_declined,0
loan,39829.78,111,NPA,0.6705,2,bank_downtime,1
loan,7343.26,105,NPA,0.3037,3,missed_emi,0
transaction,750.02,15,Standard,0.7922,3,card_declined,0
transaction,16013.12,12,SMA-0,0.7561,1,card_declined,0
transaction,9804.35,19,SMA-0,0.8228,0,card_declined,0
loan,10889.65,45,SMA-1,0.3219,3,insufficient_funds,0
transaction,5093.54,51,SMA-1,0.6136,1,card_declined,0
loan,46962.68,17,SMA-0,0.804,2,insufficient_funds,0
loan,43677.63,74,SMA-2,0.773,1,insufficient_funds,0
transaction,14340.81,25,SMA-0,0.7536,0,insufficient_funds,0
transaction,9903.39,101,NPA,0.4241,2,insufficient_funds,0
transaction,10646.31,61,SMA-2,0.9989,0,insufficient_funds,0
loan,48886.0,37,SMA-1,0.8818,1,insufficient_funds,0
loan,48459.67,78,SMA-2,0.6819,3,bank_downtime,0
loan,14687.11,83,SMA-2,0.651,1,missed_emi,0
transaction,16316.54,23,SMA-0,0.6994,1,insufficient_funds,0
transaction,4346.23,28,SMA-0,0.3359,3,card_declined,0
loan,14609.19,104,NPA,0.4399,3,missed_emi,0
loan,35424.19,12,SMA-0,0.6366,4,insufficient_funds,0
transaction,8397.52,3,SMA-0,0.9669,3,otp_failure,1
loan,46919.5,38,SMA-1,0.4356,1,bank_downtime,1
loan,9005.44,80,SMA-2,0.796,1,missed_emi,0
transaction,10474.75,76,SMA-2,0.8833,0,bank_downtime,1
loan,46333.47,101,NPA,0.9268,0,missed_emi,0
loan,45685.11,47,SMA-1,0.9279,0,insufficient_funds,0
loan,12043.81,7,SMA-0,0.9402,0,missed_emi,1
transaction,7649.44,53,SMA-1,0.6773,1,card_declined,1
transaction,12572.87,77,SMA-2,0.6667,1,bank_downtime,0
loan,12172.77,7,SMA-0,0.9447,0,insufficient_funds,1
transaction,19376.43,13,Standard,0.5463,1,insufficient_funds,0
transaction,18337.61,0,Standard,0.8091,1,insufficient_funds,1
transaction,3755.53,53,SMA-0,0.3243,3,insufficient_funds,0
transaction,2862.53,94,NPA,0.1919,4,bank_downtime,0
loan,8843.38,62,SMA-2,0.5423,2,missed_emi,0
loan,45924.96,115,NPA,0.7926,2,bank_downtime,0
transaction,4275.66,4,SMA-0,0.422,1,insufficient_funds,0
transaction,8617.56,97,NPA,0.4741,1,bank_downtime,0
transaction,9252.6,82,SMA-2,0.7019,1,otp_failure,0
loan,31955.5,25,SMA-0,0.8382,2,insufficient_funds,0
loan,8228.09,113,NPA,0.5027,1,missed_emi,0
transaction,4921.79,23,Standard,0.8588,0,insufficient_funds,0
loan,46917.07,95,NPA,0.7868,3,insufficient_funds,0
loan,45878.45,93,NPA,0.6097,0,insufficient_funds,0
loan,40158.08,74,NPA,0.6995,1,missed_emi,0
loan,5873.06,50,SMA-1,0.4619,4,insufficient_funds,0
transaction,6876.63,9,SMA-1,0.464,3,card_declined,0
loan,33258.14,46,SMA-1,0.9555,0,missed_emi,0
transaction,5866.21,29,SMA-0,0.6563,3,insufficient_funds,1
loan,45931.4,79,SMA-2,0.6012,1,missed_emi,0
loan,33525.03,74,SMA-2,0.5294,1,insufficient_funds,0
loan,8235.8,99,NPA,0.4724,2,insufficient_funds,0
loan,45905.25,1,SMA-0,0.433,2,missed_emi,0
transaction,19176.45,81,SMA-2,0.1504,4,insufficient_funds,0
transaction,2015.39,105,NPA,0.5357,5,otp_failure,0
loan,28956.21,78,SMA-2,0.8571,0,missed_emi,0
loan,18651.39,10,SMA-0,0.3739,3,bank_downtime,0
transaction,8160.36,6,SMA-0,0.8646,0,card_declined,1
transaction,4003.2,1,SMA-0,0.7627,1,insufficient_funds,1
transaction,11772.41,57,SMA-1,0.1688,4,bank_downtime,1
loan,48109.07,57,SMA-1,0.146,4,missed_emi,0
loan,27638.27,117,NPA,0.2284,4,bank_downtime,0
transaction,2116.83,33,SMA-0,0.8059,2,insufficient_funds,0
transaction,12590.03,27,SMA-0,0.7297,1,insufficient_funds,0
loan,20310.03,57,SMA-0,0.3923,3,bank_downtime,0
loan,43516.63,84,SMA-2,0.8305,0,insufficient_funds,0
transaction,8976.22,104,NPA,0.7439,1,card_declined,0
transaction,4260.37,80,SMA-2,0.6129,1,insufficient_funds,0
transaction,4226.56,36,SMA-1,0.8175,0,card_declined,0
transaction,15490.9,58,SMA-1,0.3513,3,insufficient_funds,0
transaction,5678.96,89,SMA-2,0.639,1,otp_failure,0
loan,39525.5,42,SMA-1,0.1574,5,insufficient_funds,0
loan,14264.93,17,SMA-0,0.6489,1,missed_emi,0
loan,19475.89,13,SMA-0,0.6818,1,insufficient_funds,0
loan,25946.91,0,Standard,0.2994,3,insufficient_funds,0
transaction,18892.32,68,SMA-2,0.5853,2,card_declined,0
transaction,18668.76,8,SMA-0,0.6653,0,insufficient_funds,0
transaction,4534.0,19,SMA-1,0.7741,1,card_declined,1
transaction,7485.27,24,SMA-0,0.5912,2,bank_downtime,1
loan,11722.97,50,SMA-1,0.6856,2,missed_emi,0
loan,27949.33,33,SMA-1,0.3191,4,missed_emi,0
transaction,9481.36,63,SMA-2,0.525,2,card_declined,0
transaction,18064.82,4,SMA-0,0.1164,2,card_declined,1
loan,46850.24,9,SMA-0,0.3792,2,missed_emi,0
transaction,7979.56,43,SMA-1,0.4426,1,otp_failure,0
transaction,10088.89,27,SMA-0,0.7504,1,insufficient_funds,1
loan,45330.63,24,SMA-0,0.878,0,missed_emi,0
loan,41301.85,5,SMA-0,0.5819,2,bank_downtime,0
transaction,571.3,96,NPA,0.2741,3,card_declined,0
transaction,6741.16,65,NPA,0.7802,1,insufficient_funds,0
loan,23979.84,9,Standard,0.1608,4,missed_emi,0
transaction,4979.47,4,SMA-0,0.5742,3,card_declined,0
transaction,4391.65,113,NPA,0.376,5,otp_failure,0
loan,6700.3,64,SMA-2,0.6652,1,missed_emi,0
transaction,13045.71,35,SMA-1,0.1766,2,card_declined,0
loan,16812.96,66,SMA-2,0.593,1,insufficient_funds,1
transaction,1520.77,74,NPA,0.637,0,insufficient_funds,0
loan,15394.07,77,SMA-2,0.6081,1,missed_emi,0
transaction,16137.32,41,SMA-1,0.7269,1,otp_failure,0
transaction,17104.04,36,SMA-0,0.5887,2,insufficient_funds,0
transaction,9919.79,0,Standard,0.2909,2,bank_downtime,1
transaction,8613.38,102,SMA-2,0.6216,2,card_declined,0
loan,49003.42,54,SMA-1,0.5125,1,insufficient_funds,0
loan,14025.41,16,Standard,0.6841,1,missed_emi,0
transaction,4699.51,101,NPA,0.5997,2,otp_failure,0
transaction,6191.41,100,NPA,0.722,1,insufficient_funds,0
loan,12774.08,117,NPA,0.5751,2,missed_emi,0
loan,22071.45,92,NPA,0.7072,4,missed_emi,0
transaction,18261.27,120,NPA,0.4177,3,insufficient_funds,0
transaction,12499.28,19,SMA-1,0.5678,1,card_declined,0
transaction,8532.96,87,SMA-2,0.4561,2,bank_downtime,0
loan,47048.49,84,SMA-2,0.2401,3,missed_emi,0
transaction,1445.05,18,SMA-0,0.7468,5,insufficient_funds,1
loan,14462.43,7,SMA-0,0.8156,3,missed_emi,0
transaction,11534.83,115,NPA,0.7303,0,card_declined,0
loan,32699.87,24,SMA-0,0.5291,3,missed_emi,0
transaction,1271.37,92,SMA-2,0.5812,1,insufficient_funds,0
transaction,8359.26,0,Standard,0.9449,0,card_declined,1
transaction,13158.5,1,SMA-0,0.5572,2,bank_downtime,1
loan,36413.17,40,SMA-1,0.8098,0,missed_emi,0
transaction,12943.73,19,SMA-0,0.591,3,otp_failure,1
transaction,6750.98,65,SMA-2,0.3183,3,otp_failure,0
transaction,2323.64,50,SMA-1,0.542,3,insufficient_funds,0
transaction,8828.69,5,SMA-0,0.6218,5,card_declined,0
loan,10793.95,12,SMA-0,0.6269,2,missed_emi,0
loan,47643.06,32,SMA-1,0.1545,4,missed_emi,0
loan,26382.69,14,SMA-0,0.4251,2,missed_emi,0
transaction,6686.55,79,SMA-2,0.4607,2,card_declined,0
loan,39483.68,35,SMA-1,0.7312,2,missed_emi,0
transaction,10210.0,7,Standard,0.8053,0,insufficient_funds,1
transaction,6545.66,42,SMA-1,0.5162,2,insufficient_funds,0
transaction,16333.37,7,SMA-0,0.6751,2,otp_failure,0
transaction,17409.47,10,SMA-0,0.7397,2,insufficient_funds,0
loan,35285.37,19,SMA-0,0.1821,5,missed_emi,1
loan,7113.4,90,SMA-2,0.3042,1,missed_emi,0
loan,30484.53,102,NPA,0.7513,1,insufficient_funds,0
transaction,15384.25,84,SMA-2,0.3418,3,bank_downtime,0
transaction,3161.81,27,Standard,0.9266,0,insufficient_funds,0
transaction,4959.08,22,Standard,0.5055,2,bank_downtime,1
transaction,17708.65,48,SMA-1,0.9623,0,insufficient_funds,1
transaction,892.37,69,SMA-2,0.4381,3,insufficient_funds,0
transaction,15178.18,119,SMA-2,0.8092,2,insufficient_funds,0
transaction,9738.58,10,SMA-0,0.4674,1,bank_downtime,1
transaction,9212.06,3,SMA-0,0.6205,0,insufficient_funds,0
loan,5319.34,65,NPA,0.6607,1,missed_emi,0
loan,41872.92,85,NPA,0.6784,1,insufficient_funds,0
loan,21192.12,87,SMA-2,0.7607,2,missed_emi,0
loan,29334.45,63,SMA-2,0.5029,1,insufficient_funds,0
transaction,13707.36,108,NPA,0.6066,1,insufficient_funds,0
loan,36618.33,44,SMA-0,0.6645,0,insufficient_funds,0
loan,48019.1,100,SMA-2,0.5519,4,insufficient_funds,0
transaction,10861.13,112,NPA,0.5484,3,insufficient_funds,0
transaction,8294.53,87,SMA-2,0.8384,2,card_declined,0
loan,47916.66,25,SMA-0,0.7468,0,bank_downtime,1
transaction,13021.15,15,SMA-0,0.3982,3,bank_downtime,1
transaction,6313.93,48,SMA-1,0.308,2,otp_failure,0
transaction,2966.05,38,SMA-1,0.31,3,insufficient_funds,0
transaction,16929.81,93,NPA,0.8657,0,card_declined,0
transaction,7562.54,7,SMA-0,0.8696,1,insufficient_funds,0
transaction,13379.16,20,SMA-0,0.3329,3,insufficient_funds,1
transaction,9680.92,73,SMA-2,0.5118,2,insufficient_funds,0
transaction,4379.13,7,SMA-0,0.6334,2,bank_downtime,1
loan,32075.9,26,SMA-0,0.5292,2,missed_emi,0
transaction,1683.32,32,SMA-1,0.6521,1,card_declined,0
transaction,8560.18,57,SMA-2,0.5325,2,bank_downtime,1
transaction,11158.99,12,SMA-0,0.4413,4,insufficient_funds,0
loan,24622.11,90,SMA-2,0.3761,3,missed_emi,0
transaction,15099.11,38,SMA-1,0.6688,1,card_declined,0
transaction,16644.54,100,SMA-2,0.6421,3,insufficient_funds,0
loan,39705.94,40,SMA-1,0.3222,3,missed_emi,0
loan,6746.58,22,SMA-0,0.2817,5,missed_emi,0
transaction,4285.51,11,SMA-0,0.5831,1,insufficient_funds,0
loan,29147.34,0,Standard,0.7263,1,missed_emi,0
transaction,18729.03,47,SMA-2,0.5027,1,card_declined,0
transaction,16781.66,8,Standard,0.6082,1,otp_failure,1
transaction,16929.42,32,SMA-1,0.4333,1,insufficient_funds,0
transaction,6412.56,53,SMA-1,0.519,1,bank_downtime,1
loan,24325.16,22,SMA-0,0.622,1,missed_emi,0
transaction,9678.77,13,SMA-0,0.3268,3,card_declined,1
transaction,3568.75,76,SMA-1,0.7201,0,insufficient_funds,0
loan,6398.07,107,SMA-2,0.5186,3,insufficient_funds,0
loan,47610.63,7,SMA-0,0.9233,0,insufficient_funds,1
transaction,5193.9,12,SMA-0,0.3963,3,card_declined,0
loan,15797.7,110,NPA,0.7904,0,missed_emi,0
transaction,2125.89,2,SMA-0,0.9837,0,card_declined,1
loan,46782.85,114,NPA,0.7021,3,bank_downtime,0
loan,31088.17,0,Standard,0.4555,3,insufficient_funds,0
loan,35016.66,92,NPA,0.6235,2,bank_downtime,0
transaction,18275.75,25,SMA-0,0.9274,0,otp_failure,1
transaction,7239.59,105,NPA,0.8061,0,insufficient_funds,0
transaction,12619.39,26,SMA-0,0.3312,2,otp_failure,1
transaction,1256.59,60,SMA-1,0.4065,2,otp_failure,0
transaction,4142.06,6,SMA-0,0.8579,1,card_declined,1
loan,42406.06,19,Standard,0.183,5,bank_downtime,1
transaction,15451.98,76,SMA-2,0.5529,2,card_declined,0
transaction,7337.53,46,SMA-0,0.8789,0,card_declined,0
loan,21956.48,103,NPA,0.7558,0,missed_emi,0
transaction,10904.31,36,SMA-1,0.8877,1,card_declined,1
loan,5010.85,91,NPA,0.7008,1,insufficient_funds,0
transaction,5204.26,38,SMA-2,0.5464,2,otp_failure,1
transaction,4560.52,115,NPA,0.7014,3,otp_failure,0
transaction,5384.42,110,SMA-2,0.5202,3,bank_downtime,0
transaction,16215.16,27,SMA-0,0.6952,0,insufficient_funds,0
loan,17585.32,94,NPA,0.6681,0,bank_downtime,0
transaction,4234.67,88,SMA-2,0.1273,4,card_declined,0
transaction,10333.14,16,SMA-0,0.4084,2,otp_failure,1
transaction,17380.08,57,SMA-2,0.208,3,insufficient_funds,0
transaction,5206.32,5,SMA-0,0.7486,0,otp_failure,1
loan,8534.13,86,SMA-2,0.8542,2,missed_emi,0
transaction,7449.89,13,SMA-0,0.3545,4,otp_failure,1
loan,38644.33,5,SMA-0,0.1305,5,bank_downtime,0
loan,29781.07,33,SMA-1,0.7433,1,bank_downtime,0
transaction,16427.47,51,SMA-1,0.5338,2,insufficient_funds,0
loan,48181.65,89,SMA-2,0.8593,0,missed_emi,0
transaction,15956.92,113,NPA,0.4138,4,bank_downtime,0
transaction,12274.16,37,SMA-1,0.6503,0,card_declined,0
transaction,10120.16,4,SMA-0,0.4076,1,insufficient_funds,1
loan,6803.11,73,SMA-1,0.9536,0,insufficient_funds,0
loan,49294.49,50,SMA-1,0.8882,1,bank_downtime,0
transaction,7977.88,38,SMA-1,0.8165,2,card_declined,0
loan,11850.27,25,SMA-0,0.5673,3,bank_downtime,1
transaction,13500.82,43,SMA-1,0.692,1,insufficient_funds,0
transaction,6043.62,27,SMA-0,0.1697,5,card_declined,0
transaction,11922.68,74,SMA-2,0.4486,1,otp_failure,0
loan,31404.56,48,SMA-1,0.5119,3,insufficient_funds,0
loan,25057.84,93,NPA,0.7728,1,missed_emi,0
transaction,16804.31,48,SMA-1,0.7448,1,bank_downtime,0
transaction,5666.86,19,SMA-0,0.7637,0,insufficient_funds,1
transaction,9248.34,88,SMA-2,0.6247,0,insufficient_funds,0
transaction,10985.0,49,SMA-2,0.6786,1,bank_downtime,1
transaction,13440.68,16,SMA-0,0.6434,0,otp_failure,1
loan,40278.73,57,SMA-1,0.7072,1,insufficient_funds,0
transaction,8198.74,29,SMA-0,0.49,1,card_declined,1
transaction,13097.92,87,SMA-2,0.5205,1,insufficient_funds,0
transaction,3436.91,38,SMA-1,0.6169,2,insufficient_funds,0
loan,46969.16,70,SMA-2,0.1948,5,missed_emi,0
loan,22237.65,7,SMA-0,0.6995,3,insufficient_funds,0
transaction,14725.67,33,SMA-1,0.8217,1,insufficient_funds,0
loan,5915.35,116,SMA-2,0.5182,3,bank_downtime,0
transaction,4501.15,81,SMA-2,0.7544,2,card_declined,0
transaction,9998.11,12,SMA-0,0.8201,1,card_declined,1
transaction,17625.92,22,SMA-0,0.2852,3,bank_downtime,1
transaction,10781.48,27,SMA-0,0.4345,1,card_declined,0
transaction,18632.47,60,SMA-1,0.4022,1,bank_downtime,1
loan,26770.86,74,SMA-2,0.4753,3,insufficient_funds,0
loan,27070.21,73,SMA-2,0.7726,1,insufficient_funds,0
loan,10388.61,44,SMA-1,0.8336,0,missed_emi,0
transaction,16151.8,82,SMA-2,0.3667,1,insufficient_funds,0
transaction,5315.83,37,SMA-2,0.4803,2,otp_failure,1
loan,45482.56,9,SMA-0,0.2134,3,bank_downtime,0
transaction,18261.07,50,SMA-1,0.9103,0,insufficient_funds,1
transaction,18894.55,108,NPA,0.9187,0,insufficient_funds,0
transaction,10644.49,79,SMA-2,0.5275,2,card_declined,0
loan,35469.22,52,SMA-0,0.2473,3,missed_emi,0
transaction,15681.06,59,SMA-1,0.4683,4,insufficient_funds,0
transaction,3054.79,103,NPA,0.1991,5,card_declined,0
loan,32043.07,36,SMA-1,0.6052,0,insufficient_funds,0
transaction,1168.81,27,SMA-0,0.5833,2,card_declined,0
transaction,10202.54,114,SMA-2,0.7636,1,card_declined,0
transaction,3519.43,90,SMA-2,0.6751,1,bank_downtime,0
transaction,4067.0,26,Standard,0.3608,3,otp_failure,1
loan,21427.14,39,SMA-1,0.3974,2,missed_emi,0
transaction,8932.52,35,SMA-1,0.3586,4,insufficient_funds,0
transaction,12651.86,11,SMA-0,0.6257,1,insufficient_funds,0
loan,8349.28,109,NPA,0.678,5,insufficient_funds,0
loan,27666.13,34,SMA-1,0.6955,0,missed_emi,0
loan,13218.13,92,NPA,0.8584,0,insufficient_funds,0
transaction,11692.52,14,SMA-0,0.5702,2,card_declined,1
transaction,12929.39,48,SMA-1,0.5781,2,insufficient_funds,0
loan,30051.92,1,SMA-0,0.8427,0,insufficient_funds,1
loan,38223.3,75,SMA-1,0.6783,4,insufficient_funds,0
transaction,7044.38,52,SMA-1,0.2778,3,card_declined,0
transaction,15419.58,57,SMA-1,0.1989,4,card_declined,0
transaction,8938.96,3,SMA-0,0.8055,2,insufficient_funds,1
loan,26788.3,16,Standard,0.9124,0,insufficient_funds,0
transaction,13137.99,5,SMA-0,0.1487,4,card_declined,0
transaction,857.99,23,SMA-0,0.7321,2,card_declined,0
transaction,13252.89,57,SMA-1,0.8272,0,card_declined,1
loan,32836.33,50,SMA-1,0.827,0,bank_downtime,1
loan,18943.12,55,SMA-1,0.2811,3,insufficient_funds,0
transaction,2172.99,48,SMA-2,0.665,1,card_declined,0
loan,9092.1,22,SMA-0,0.7757,0,missed_emi,0
loan,46545.07,19,SMA-0,0.3118,5,insufficient_funds,0
transaction,13940.95,10,SMA-1,0.1767,3,insufficient_funds,0
transaction,2978.5,88,SMA-2,0.9607,0,card_declined,0
transaction,7456.1,56,SMA-0,0.3091,3,otp_failure,0
loan,31661.73,14,Standard,0.2069,3,bank_downtime,1
transaction,16793.65,13,SMA-0,0.2857,3,bank_downtime,0
loan,6964.74,92,NPA,0.5078,2,missed_emi,0
loan,15648.49,72,SMA-2,0.6283,2,missed_emi,0
transaction,17850.11,61,SMA-2,0.4794,2,otp_failure,0
loan,5412.45,34,SMA-1,0.2007,3,missed_emi,0
transaction,4427.28,21,SMA-0,0.4529,3,card_declined,1
transaction,19200.97,115,NPA,0.7203,1,card_declined,0
loan,32603.08,80,SMA-2,0.5437,3,insufficient_funds,0
loan,16775.21,24,SMA-0,0.6229,1,missed_emi,0
transaction,1806.33,88,SMA-2,0.7166,3,card_declined,0
loan,6268.61,74,SMA-2,0.5088,1,missed_emi,0
loan,16013.53,24,Standard,0.5815,4,insufficient_funds,0
transaction,17688.97,36,SMA-1,0.5252,2,otp_failure,0
loan,23716.11,14,SMA-0,0.4323,2,missed_emi,1
transaction,14546.5,8,SMA-0,0.6861,1,insufficient_funds,0
transaction,18406.56,69,SMA-2,0.3546,5,insufficient_funds,0
transaction,8456.79,21,SMA-0,0.4303,2,otp_failure,1
loan,13607.48,83,SMA-1,0.802,0,insufficient_funds,0
loan,28270.31,119,NPA,0.4361,3,insufficient_funds,0
transaction,18207.63,5,SMA-0,0.2683,3,bank_downtime,0
transaction,16185.3,40,SMA-1,0.7285,1,bank_downtime,1
loan,7962.34,80,SMA-2,0.5959,3,missed_emi,0
transaction,14005.17,78,SMA-2,0.9007,0,insufficient_funds,0
loan,30735.39,74,SMA-2,0.6155,2,insufficient_funds,0
loan,45835.84,28,SMA-0,0.6998,1,insufficient_funds,0
transaction,2888.39,38,SMA-1,0.5723,2,otp_failure,0
loan,29031.63,53,SMA-1,0.2976,2,insufficient_funds,0
transaction,17649.52,113,NPA,0.8641,1,insufficient_funds,0
loan,23451.07,26,SMA-0,0.5245,3,missed_emi,0
loan,26689.77,102,NPA,0.7221,1,insufficient_funds,0
loan,8170.73,21,SMA-0,0.6458,1,insufficient_funds,1
transaction,5923.8,117,NPA,0.8264,0,insufficient_funds,0
loan,19602.8,62,SMA-2,0.6977,2,missed_emi,0
transaction,18929.89,39,SMA-1,0.8522,1,card_declined,0
transaction,6012.01,56,SMA-1,0.6508,1,card_declined,0
transaction,9486.94,22,SMA-0,0.6607,2,card_declined,0
transaction,13590.44,22,SMA-0,0.3079,4,card_declined,0
transaction,3662.58,8,SMA-0,0.3344,1,card_declined,0
loan,26889.91,8,SMA-1,0.5584,3,insufficient_funds,0
loan,38234.26,28,SMA-1,0.3531,4,insufficient_funds,0
transaction,17403.68,75,SMA-2,0.7895,5,bank_downtime,0
loan,33181.67,55,SMA-1,0.4544,1,insufficient_funds,0
transaction,13546.54,7,SMA-0,0.9003,0,bank_downtime,1
loan,10682.76,88,SMA-2,0.5107,4,missed_emi,0
loan,47559.94,54,SMA-1,0.629,0,bank_downtime,1
transaction,3085.19,110,SMA-2,0.26,3,card_declined,0
loan,39860.28,62,SMA-2,0.6999,1,insufficient_funds,0
transaction,5663.92,13,SMA-0,0.5033,2,otp_failure,1
transaction,18705.07,40,SMA-1,0.5789,2,otp_failure,0
loan,37398.18,60,SMA-1,0.2896,4,insufficient_funds,0
transaction,15199.37,2,SMA-0,0.5036,2,card_declined,1
transaction,4771.65,1,SMA-0,0.7629,1,otp_failure,1
transaction,9139.28,10,SMA-0,0.6064,1,card_declined,1
loan,32801.59,20,SMA-0,0.2498,2,bank_downtime,1
transaction,15514.49,36,SMA-1,0.6518,0,otp_failure,0
transaction,2527.21,42,SMA-1,0.6377,3,card_declined,0
loan,48306.44,10,SMA-1,0.4249,2,missed_emi,0
loan,45059.93,63,SMA-2,0.6609,1,missed_emi,0
transaction,5771.8,54,SMA-1,0.6512,2,bank_downtime,0
transaction,16543.82,23,SMA-0,0.8347,0,insufficient_funds,0
transaction,10607.32,1,SMA-0,0.4769,2,card_declined,1
transaction,9505.23,5,SMA-0,0.698,0,bank_downtime,1
transaction,6631.47,32,SMA-1,0.6876,2,card_declined,0
loan,31143.59,12,SMA-0,0.3534,2,bank_downtime,1
loan,37845.01,31,SMA-1,0.7517,2,missed_emi,1
loan,23491.98,57,SMA-1,0.5952,2,insufficient_funds,0
transaction,12769.77,48,SMA-1,0.2096,3,card_declined,0
loan,36469.08,18,Standard,0.2411,3,bank_downtime,1
transaction,14366.88,28,Standard,0.6175,0,insufficient_funds,1
loan,7338.47,56,SMA-2,0.7042,3,bank_downtime,1
loan,43688.65,90,SMA-2,0.7061,0,insufficient_funds,0
transaction,9435.94,73,NPA,0.7968,1,insufficient_funds,0
loan,16808.72,49,SMA-1,0.6013,1,bank_downtime,1
transaction,5214.41,30,SMA-0,0.48,5,card_declined,0
loan,26735.64,30,SMA-0,0.8209,0,insufficient_funds,0
transaction,17793.22,93,NPA,0.8773,0,otp_failure,0
transaction,7877.78,2,SMA-0,0.6564,1,insufficient_funds,1
loan,38737.66,117,NPA,0.7834,5,missed_emi,0
transaction,2387.97,62,SMA-2,0.7884,1,otp_failure,0
loan,26422.55,64,SMA-2,0.7619,1,missed_emi,0
transaction,19837.88,2,SMA-0,0.8926,0,otp_failure,1
loan,39669.7,55,SMA-1,0.5647,1,missed_emi,0
loan,14473.78,42,SMA-1,0.4498,1,missed_emi,0
transaction,10278.11,8,SMA-0,0.8057,0,card_declined,0
transaction,5055.68,22,SMA-1,0.4738,3,otp_failure,0
transaction,8486.44,95,NPA,0.6962,2,bank_downtime,0
transaction,15711.64,48,SMA-1,0.2582,4,card_declined,0
transaction,15538.88,34,SMA-1,0.8123,0,insufficient_funds,1
loan,15264.52,5,SMA-0,0.2494,4,insufficient_funds,0
loan,46500.05,68,SMA-2,0.8847,0,missed_emi,0
loan,31665.57,66,SMA-2,0.8103,0,bank_downtime,0
loan,22096.59,56,SMA-2,0.4505,2,insufficient_funds,0
loan,27587.1,44,SMA-1,0.4901,0,bank_downtime,0
loan,32228.21,36,SMA-1,0.9235,0,insufficient_funds,1
transaction,11417.87,53,SMA-1,0.691,1,insufficient_funds,0
loan,26888.23,18,SMA-0,0.6589,0,missed_emi,0
loan,27721.98,105,NPA,0.7175,1,insufficient_funds,0
transaction,3940.03,53,SMA-1,0.528,2,insufficient_funds,0
transaction,16348.29,25,SMA-0,0.6851,3,otp_failure,0
transaction,11064.33,38,SMA-1,0.8021,2,card_declined,0
transaction,3056.06,81,SMA-2,0.26,5,card_declined,0
loan,39477.07,12,SMA-0,0.3171,4,missed_emi,0
transaction,18682.66,23,SMA-0,0.4582,5,bank_downtime,0
transaction,18972.48,63,SMA-2,0.5413,2,otp_failure,0
loan,21605.8,25,SMA-0,0.522,4,insufficient_funds,0
transaction,3142.58,79,SMA-2,0.3514,3,otp_failure,0
transaction,10608.79,10,SMA-0,0.4044,3,insufficient_funds,0
transaction,2695.88,75,SMA-2,0.4795,1,card_declined,0
loan,47029.43,5,SMA-0,0.7952,1,bank_downtime,0
loan,13261.08,0,Standard,0.6477,3,insufficient_funds,1
transaction,5428.93,97,NPA,0.5991,2,bank_downtime,0
loan,23298.64,52,SMA-1,0.4641,1,missed_emi,0
transaction,7971.71,29,SMA-0,0.5225,2,insufficient_funds,0
loan,40759.83,18,SMA-0,0.4733,2,missed_emi,1
loan,25534.26,56,SMA-1,0.8524,1,missed_emi,0
loan,12684.57,44,SMA-1,0.5753,2,insufficient_funds,0
transaction,5710.59,118,NPA,0.631,1,bank_downtime,0
loan,27910.1,116,NPA,0.592,4,bank_downtime,0
loan,11635.43,58,SMA-1,0.865,1,missed_emi,1
transaction,12427.29,37,SMA-1,0.6694,1,otp_failure,0
loan,30458.63,42,SMA-1,0.3706,4,missed_emi,0
transaction,14436.7,64,SMA-1,0.2155,3,insufficient_funds,0
loan,47196.71,7,SMA-0,0.8779,0,missed_emi,1
transaction,18288.96,27,SMA-0,0.1722,5,card_declined,0
loan,47573.4,5,SMA-0,0.4773,3,bank_downtime,0
transaction,5271.95,5,SMA-0,0.6755,1,otp_failure,1
transaction,3065.52,15,Standard,0.782,0,otp_failure,1
transaction,6394.4,42,SMA-1,0.4471,1,insufficient_funds,0
transaction,17954.16,78,NPA,0.6647,3,otp_failure,0
transaction,19455.04,42,SMA-1,0.3826,4,bank_downtime,0
transaction,17256.84,27,SMA-0,0.5205,2,insufficient_funds,0
transaction,2645.35,6,SMA-0,0.644,1,otp_failure,1
transaction,18974.85,48,SMA-1,0.2685,3,insufficient_funds,0
transaction,8755.48,21,SMA-0,0.3857,4,insufficient_funds,0
loan,5418.96,56,SMA-1,0.5002,2,insufficient_funds,0
transaction,9126.68,114,NPA,0.5325,2,otp_failure,0
loan,7073.11,8,SMA-0,0.4623,2,insufficient_funds,0
loan,29474.51,16,SMA-0,0.4638,1,insufficient_funds,0
loan,20234.93,40,SMA-1,0.4891,2,insufficient_funds,0
transaction,9731.98,112,NPA,0.7023,1,insufficient_funds,0
loan,32592.67,76,SMA-2,0.217,3,insufficient_funds,0
transaction,17441.62,97,NPA,0.7533,2,bank_downtime,0
transaction,13407.08,27,SMA-0,0.7997,1,insufficient_funds,1
transaction,8963.95,118,SMA-2,0.6653,0,bank_downtime,0
loan,41874.25,7,SMA-0,0.6045,1,insufficient_funds,0
transaction,18158.85,4,SMA-0,0.8868,0,card_declined,1
transaction,2835.32,89,SMA-2,0.7924,0,otp_failure,0
loan,28936.98,102,NPA,0.7653,1,insufficient_funds,0
loan,17803.04,6,SMA-0,0.8085,3,insufficient_funds,0
transaction,1417.69,8,SMA-0,0.4798,3,otp_failure,1
transaction,13536.66,2,SMA-0,0.8101,1,card_declined,0
loan,43824.68,8,SMA-0,0.4783,2,insufficient_funds,0
transaction,3676.6,16,SMA-0,0.6893,3,insufficient_funds,0
transaction,16342.07,112,SMA-2,0.3749,3,card_declined,0
transaction,17141.22,62,SMA-2,0.5592,2,card_declined,0
loan,46145.32,77,SMA-2,0.67,1,missed_emi,0
loan,16937.83,76,SMA-2,0.5551,1,insufficient_funds,0
loan,45677.89,47,SMA-1,0.2916,3,insufficient_funds,0
loan,19429.82,80,SMA-2,0.3789,4,bank_downtime,0
transaction,11270.59,54,SMA-1,0.9155,0,insufficient_funds,1
transaction,1484.9,25,SMA-0,0.3335,2,card_declined,0
transaction,1355.68,50,SMA-2,0.5405,2,insufficient_funds,0
transaction,14547.28,47,SMA-1,0.8652,0,card_declined,1
transaction,9167.36,84,SMA-2,0.7461,3,insufficient_funds,0
loan,16533.16,115,NPA,0.822,0,missed_emi,0
loan,13568.61,34,SMA-1,0.4599,2,bank_downtime,0
loan,35147.91,75,SMA-2,0.6751,1,insufficient_funds,0
transaction,507.83,7,SMA-0,0.6495,4,bank_downtime,1
loan,41265.1,77,SMA-1,0.7945,1,insufficient_funds,0
loan,8566.23,30,SMA-0,0.3379,4,missed_emi,0
transaction,4234.05,2,SMA-0,0.4724,0,card_declined,0
loan,22380.64,30,SMA-0,0.5569,1,missed_emi,0
transaction,9954.75,55,SMA-1,0.7626,1,insufficient_funds,0
transaction,7422.4,9,SMA-0,0.6943,1,otp_failure,1
transaction,6753.89,102,NPA,0.3217,3,otp_failure,0
transaction,19296.36,5,Standard,0.7256,1,insufficient_funds,1
transaction,13010.8,103,NPA,0.6061,1,card_declined,0
loan,6054.48,67,SMA-2,0.8048,0,missed_emi,0
loan,24357.92,27,SMA-0,0.5197,2,missed_emi,0
loan,44375.39,32,SMA-1,0.2962,2,insufficient_funds,0
loan,18565.53,71,SMA-2,0.8405,2,missed_emi,0
transaction,2343.85,54,SMA-1,0.6479,1,card_declined,0
loan,39127.31,62,SMA-2,0.9304,0,insufficient_funds,0
transaction,12317.27,32,SMA-1,0.5161,2,card_declined,0
transaction,11621.09,42,SMA-1,0.6363,1,otp_failure,1
transaction,1544.74,118,NPA,0.4669,2,card_declined,0
transaction,3239.73,17,SMA-0,0.9181,0,card_declined,1
transaction,12639.71,35,SMA-1,0.4491,3,otp_failure,0
transaction,4552.56,23,SMA-0,0.5047,5,insufficient_funds,0
transaction,10329.37,75,SMA-2,0.4117,1,bank_downtime,0
loan,29519.68,75,SMA-2,0.4913,0,insufficient_funds,0
transaction,6028.39,23,SMA-0,0.6813,1,insufficient_funds,1
transaction,18994.29,6,SMA-0,0.6514,1,card_declined,1
transaction,16928.05,0,Standard,0.8937,0,insufficient_funds,1
loan,37506.81,36,SMA-1,0.4547,3,missed_emi,0
transaction,2020.88,34,SMA-1,0.5608,2,insufficient_funds,0
transaction,2569.54,117,NPA,0.1898,4,insufficient_funds,0
transaction,10109.24,40,SMA-0,0.7549,1,bank_downtime,1
transaction,3633.91,20,SMA-0,0.2181,4,insufficient_funds,0
transaction,19576.18,95,NPA,0.355,1,insufficient_funds,0
transaction,3591.14,42,SMA-0,0.9081,1,card_declined,0
transaction,10005.62,54,SMA-1,0.8389,1,otp_failure,1
transaction,7600.36,7,SMA-0,0.5406,2,insufficient_funds,0
transaction,12968.04,32,SMA-1,0.3648,3,insufficient_funds,0
loan,10806.64,106,NPA,0.6482,0,insufficient_funds,0
transaction,8891.17,53,SMA-1,0.6592,1,otp_failure,1
transaction,5856.75,28,SMA-0,0.7958,2,otp_failure,1
transaction,17811.15,57,SMA-1,0.8022,0,card_declined,0
loan,6826.36,99,NPA,0.704,1,missed_emi,0
transaction,18317.69,22,SMA-0,0.5751,1,card_declined,0
transaction,16743.39,44,SMA-1,0.5502,2,card_declined,0
loan,18390.68,109,NPA,0.4751,3,missed_emi,0
transaction,15891.17,13,SMA-0,0.589,2,card_declined,0
transaction,1108.66,69,SMA-2,0.8014,0,card_declined,0
transaction,19353.88,56,SMA-1,0.7135,0,insufficient_funds,0
loan,28696.77,64,SMA-2,0.7286,2,missed_emi,0
transaction,6413.98,29,SMA-0,0.7433,1,card_declined,1
loan,21316.24,25,SMA-0,0.4847,0,insufficient_funds,1
loan,7988.24,64,SMA-2,0.785,1,insufficient_funds,0
transaction,19792.32,17,SMA-0,0.2094,2,card_declined,0
transaction,1266.19,35,SMA-1,0.3748,4,card_declined,0
transaction,13270.69,14,SMA-0,0.4023,1,otp_failure,0
transaction,9133.35,0,Standard,0.4145,2,card_declined,0
transaction,19003.87,112,NPA,0.8057,0,insufficient_funds,0
loan,16069.99,36,SMA-1,0.6719,1,bank_downtime,1
loan,28943.91,112,NPA,0.4978,2,missed_emi,0
loan,26706.03,10,SMA-0,0.8404,1,insufficient_funds,1
transaction,14205.9,53,SMA-1,0.7834,1,insufficient_funds,0
loan,8060.46,15,SMA-0,0.5773,0,bank_downtime,0
loan,13720.51,79,SMA-2,0.4305,1,insufficient_funds,0
loan,14655.42,78,SMA-2,0.6498,5,insufficient_funds,0
transaction,14893.94,8,SMA-0,0.649,1,card_declined,1
loan,13511.24,99,NPA,0.6642,1,missed_emi,0
transaction,11683.09,15,SMA-0,0.5555,3,card_declined,0
transaction,4697.25,55,SMA-1,0.5098,0,bank_downtime,1
transaction,17301.69,116,NPA,0.5435,2,insufficient_funds,0
loan,47398.35,94,NPA,0.7871,1,missed_emi,0
loan,28332.18,109,SMA-2,0.3186,3,missed_emi,0
transaction,7370.02,28,SMA-0,0.7426,1,card_declined,0
transaction,5064.13,8,SMA-1,0.3924,4,bank_downtime,1
transaction,1470.73,14,SMA-0,0.8489,0,insufficient_funds,1
transaction,5735.75,43,SMA-1,0.3155,1,insufficient_funds,0
transaction,13257.6,79,SMA-2,0.8108,0,card_declined,0
transaction,10905.53,11,SMA-0,0.2989,2,insufficient_funds,0
loan,47481.86,61,SMA-2,0.4042,3,missed_emi,0
transaction,8227.41,26,SMA-0,0.6965,1,insufficient_funds,0
transaction,14030.34,28,SMA-0,0.3396,4,insufficient_funds,0
transaction,10041.79,61,SMA-2,0.2889,4,card_declined,0
loan,28065.93,40,SMA-1,0.7703,2,missed_emi,0
loan,17049.84,82,SMA-2,0.661,1,missed_emi,0
loan,25472.78,12,SMA-0,0.6615,1,missed_emi,0
transaction,9680.31,78,SMA-2,0.7211,1,insufficient_funds,0
transaction,14279.53,4,SMA-0,0.4832,2,card_declined,0
transaction,18842.48,15,SMA-0,0.4918,2,card_declined,0
loan,19819.46,61,SMA-2,0.8353,0,missed_emi,0
loan,6899.02,89,SMA-2,0.9763,3,missed_emi,0
loan,27333.28,20,SMA-0,0.4533,0,missed_emi,0
loan,29500.76,26,SMA-0,0.2788,2,bank_downtime,0
loan,12579.82,47,SMA-1,0.7349,1,missed_emi,0
transaction,15329.06,16,SMA-0,0.4781,1,card_declined,0
loan,49321.81,82,SMA-2,0.8057,0,missed_emi,0
transaction,18942.61,76,SMA-2,0.8382,0,insufficient_funds,0
transaction,4343.57,11,SMA-0,0.4719,0,insufficient_funds,0
transaction,17569.58,39,SMA-1,0.6782,1,otp_failure,0
transaction,14237.63,76,SMA-2,0.5874,2,insufficient_funds,0
transaction,9350.01,27,SMA-0,0.8654,0,bank_downtime,1
transaction,11041.91,58,SMA-0,0.1888,4,otp_failure,1
transaction,17067.2,3,SMA-0,0.742,1,card_declined,0
transaction,9862.63,55,SMA-1,0.8203,0,card_declined,0
transaction,7777.54,11,SMA-1,0.4211,1,insufficient_funds,0
transaction,10118.33,85,SMA-2,0.8199,0,card_declined,0
transaction,11793.03,29,SMA-1,0.6719,2,card_declined,0
transaction,4187.01,22,SMA-0,0.674,1,otp_failure,1
loan,45540.85,86,SMA-2,0.937,0,bank_downtime,0
loan,35338.41,3,SMA-0,0.9546,3,missed_emi,0
loan,33497.1,33,SMA-1,0.9291,1,missed_emi,0
loan,9477.33,30,SMA-0,0.6605,0,insufficient_funds,0
transaction,12281.39,23,SMA-0,0.9413,3,insufficient_funds,0
loan,10443.23,99,NPA,0.9121,0,insufficient_funds,0
transaction,2034.6,73,SMA-2,0.866,4,insufficient_funds,1
transaction,10782.56,4,SMA-0,0.3697,2,insufficient_funds,0
loan,23125.35,68,SMA-2,0.6112,0,missed_emi,1
transaction,11981.8,46,SMA-2,0.8226,1,card_declined,0
loan,9015.0,97,NPA,0.4885,0,insufficient_funds,0
loan,24394.24,25,SMA-0,0.6969,0,missed_emi,0
loan,12865.4,51,SMA-1,0.52,3,missed_emi,0
loan,49419.5,43,SMA-1,0.6295,0,insufficient_funds,1
transaction,11442.43,42,SMA-1,0.7768,3,card_declined,0
transaction,13905.02,39,SMA-1,0.3032,3,otp_failure,0
transaction,6845.66,16,SMA-0,0.9796,2,card_declined,1
transaction,2347.41,74,SMA-2,0.9431,0,bank_downtime,0
loan,48914.19,38,SMA-1,0.4236,2,insufficient_funds,0
loan,17881.66,109,NPA,0.7422,1,missed_emi,0
loan,24071.37,21,SMA-0,0.7565,1,missed_emi,0
transaction,13172.35,64,SMA-2,0.5561,2,otp_failure,0
transaction,981.6,105,NPA,0.5402,1,insufficient_funds,0
transaction,16300.05,61,SMA-1,0.6053,0,card_declined,0
transaction,10963.27,92,NPA,0.4895,0,otp_failure,0
loan,17519.77,84,SMA-2,0.6825,1,missed_emi,0
transaction,1701.36,29,SMA-1,0.4125,3,otp_failure,0
transaction,3668.72,54,SMA-1,0.6932,1,bank_downtime,1
transaction,17953.16,12,SMA-0,0.8321,0,insufficient_funds,0
loan,35871.09,47,SMA-1,0.8468,2,bank_downtime,1
loan,16245.58,18,SMA-1,0.5207,2,missed_emi,0
transaction,1779.21,72,SMA-2,0.2827,4,bank_downtime,0
transaction,13967.0,46,SMA-1,0.433,4,bank_downtime,0
transaction,11661.95,34,SMA-1,0.6067,0,insufficient_funds,0
transaction,8388.13,21,SMA-0,0.3716,5,insufficient_funds,0
loan,21362.52,120,NPA,0.8708,0,missed_emi,0
loan,14756.64,5,SMA-0,0.8596,2,missed_emi,1
transaction,13557.42,3,SMA-0,0.6096,1,insufficient_funds,1
transaction,19428.03,17,SMA-0,0.1725,4,bank_downtime,0
loan,12907.19,112,NPA,0.7791,2,insufficient_funds,0
transaction,12143.77,115,NPA,0.4627,3,card_declined,0
loan,24088.33,60,SMA-1,0.339,3,insufficient_funds,0
transaction,9210.43,93,NPA,0.3762,3,insufficient_funds,0
transaction,5455.87,17,SMA-0,0.2689,2,otp_failure,0
transaction,16590.13,113,NPA,0.3357,4,insufficient_funds,0
transaction,9962.48,11,SMA-0,0.5947,1,otp_failure,0
loan,29453.26,7,Standard,0.6291,2,insufficient_funds,1
transaction,6442.84,8,SMA-0,0.8934,0,bank_downtime,1
transaction,4045.27,51,SMA-1,0.4489,2,insufficient_funds,0
transaction,2175.25,77,SMA-2,0.648,1,card_declined,0
transaction,14425.32,30,SMA-0,0.4591,3,otp_failure,0
transaction,4326.57,114,SMA-2,0.3964,5,card_declined,0
transaction,13956.47,37,SMA-1,0.4329,2,card_declined,1
loan,22566.94,11,SMA-0,0.3989,5,insufficient_funds,0
transaction,8607.61,40,SMA-2,0.5407,4,bank_downtime,0
transaction,9648.96,63,SMA-2,0.3252,4,insufficient_funds,0
loan,21546.88,85,SMA-2,0.7183,2,insufficient_funds,0
transaction,2462.09,39,SMA-1,0.4031,2,card_declined,0
loan,18933.43,53,SMA-1,0.4187,0,insufficient_funds,0
transaction,13442.82,21,SMA-1,0.6961,1,card_declined,0
loan,34960.3,59,SMA-1,0.7723,2,bank_downtime,0
loan,17880.09,116,SMA-2,0.8916,2,bank_downtime,0
loan,25704.62,3,SMA-1,0.4195,2,bank_downtime,1
loan,13705.13,94,NPA,0.8581,1,missed_emi,0
transaction,4602.26,50,SMA-1,0.7091,1,otp_failure,1
loan,6037.12,20,SMA-0,0.7599,1,missed_emi,0
transaction,17986.56,109,NPA,0.9384,0,otp_failure,0
transaction,4608.78,41,SMA-1,0.8747,1,otp_failure,1
transaction,4936.91,27,SMA-0,0.3077,2,insufficient_funds,0
transaction,5952.23,14,SMA-0,0.3807,2,insufficient_funds,0
transaction,2984.46,19,Standard,0.699,1,insufficient_funds,0
transaction,12965.63,85,SMA-2,0.6108,2,insufficient_funds,0
transaction,1965.29,56,SMA-1,0.2465,3,insufficient_funds,0
loan,11039.11,100,NPA,0.7149,2,missed_emi,0
loan,34014.05,18,SMA-0,0.8589,0,missed_emi,0
transaction,7123.38,9,SMA-0,0.4269,2,card_declined,1
transaction,14304.98,0,Standard,0.4833,2,card_declined,0
transaction,11369.78,44,SMA-1,0.7884,2,otp_failure,0
transaction,5492.41,120,NPA,0.4021,2,insufficient_funds,0
transaction,13191.15,65,SMA-2,0.4775,0,insufficient_funds,0
transaction,2767.34,25,SMA-0,0.5819,2,otp_failure,1
transaction,10960.0,93,SMA-2,0.782,2,card_declined,0
loan,24671.66,77,SMA-2,0.8397,0,missed_emi,0
transaction,5723.53,1,SMA-0,0.6114,0,card_declined,1
transaction,12278.1,83,SMA-2,0.5065,2,otp_failure,1
transaction,17491.01,24,SMA-0,0.5566,0,bank_downtime,0
transaction,19978.64,11,SMA-0,0.5674,2,insufficient_funds,0
transaction,12351.37,18,Standard,0.0648,1,otp_failure,0
loan,23211.76,40,SMA-1,0.2043,2,bank_downtime,0
transaction,4891.54,36,SMA-1,0.7967,1,bank_downtime,1
transaction,5513.37,23,SMA-0,0.8554,0,otp_failure,1
loan,26575.47,13,SMA-0,0.6062,0,missed_emi,0
loan,21527.5,74,SMA-2,0.4446,3,missed_emi,0
loan,46121.65,118,NPA,0.5879,0,missed_emi,0
transaction,7681.76,77,SMA-2,0.6894,1,card_declined,1
loan,21805.01,24,SMA-0,0.8819,1,insufficient_funds,1
transaction,7978.92,19,SMA-0,0.3622,2,otp_failure,0
transaction,16814.09,17,SMA-0,0.6573,1,card_declined,1
transaction,13190.37,10,SMA-0,0.6208,1,insufficient_funds,0
transaction,12476.29,49,SMA-2,0.4657,2,card_declined,0
transaction,7015.79,55,SMA-1,0.4144,2,insufficient_funds,0
transaction,16449.13,67,SMA-2,0.3869,4,insufficient_funds,0
loan,6726.37,64,SMA-2,0.8658,0,missed_emi,0
loan,44185.87,23,SMA-0,0.739,1,bank_downtime,0
loan,28073.75,27,SMA-0,0.7245,3,bank_downtime,1
transaction,8265.88,64,SMA-2,0.623,0,insufficient_funds,0
loan,27372.53,28,SMA-0,0.6472,0,bank_downtime,1
transaction,13514.6,16,SMA-0,0.3473,3,insufficient_funds,0
loan,5574.44,31,SMA-0,0.8391,3,missed_emi,0
transaction,17495.26,22,SMA-0,0.67,1,card_declined,0
loan,25103.28,6,SMA-0,0.764,1,bank_downtime,1
transaction,7187.85,85,SMA-2,0.853,0,card_declined,1
loan,11221.05,88,SMA-1,0.4924,2,missed_emi,0
loan,24775.94,17,SMA-0,0.606,0,missed_emi,1
transaction,10178.29,4,SMA-0,0.4562,2,insufficient_funds,1
transaction,8371.11,71,SMA-1,0.636,1,card_declined,0
loan,35539.7,16,SMA-0,0.5687,4,missed_emi,0
transaction,8707.48,33,SMA-1,0.4376,3,bank_downtime,0
loan,48263.79,4,SMA-0,0.434,3,insufficient_funds,0
transaction,12185.91,18,Standard,0.4546,1,bank_downtime,1
transaction,16245.82,79,NPA,0.7316,0,otp_failure,1
transaction,2632.44,81,SMA-1,0.3604,3,otp_failure,0
transaction,8247.18,16,SMA-0,0.8396,0,insufficient_funds,1
loan,20158.15,27,Standard,0.352,3,insufficient_funds,0
transaction,11604.91,10,SMA-0,0.2418,2,insufficient_funds,0
transaction,17291.71,5,SMA-0,0.5547,2,bank_downtime,1
transaction,2027.6,118,NPA,0.7361,0,otp_failure,0
transaction,1915.21,61,SMA-2,0.2976,3,otp_failure,0
loan,43264.3,48,SMA-1,0.8572,0,bank_downtime,1
loan,14578.25,75,SMA-2,0.4643,3,missed_emi,0
transaction,13540.69,86,NPA,0.2782,0,bank_downtime,0
loan,29429.52,81,SMA-2,0.7674,3,insufficient_funds,0
loan,42480.21,1,SMA-0,0.2977,4,insufficient_funds,0
transaction,2939.23,14,Standard,0.6588,2,otp_failure,1
loan,10840.23,60,SMA-1,0.3844,5,missed_emi,0
transaction,11357.96,31,SMA-1,0.8871,0,insufficient_funds,1
transaction,18954.38,115,NPA,0.6972,1,card_declined,0
loan,23674.9,62,SMA-2,0.3593,4,insufficient_funds,0
transaction,6875.37,109,NPA,0.5726,1,insufficient_funds,0
loan,32301.02,15,SMA-0,0.83,0,bank_downtime,1
loan,46870.19,90,SMA-1,0.4236,2,insufficient_funds,0
transaction,16820.09,26,SMA-0,0.5564,2,card_declined,0
loan,49796.76,117,NPA,0.9341,2,missed_emi,0
transaction,940.09,12,SMA-0,0.4444,2,card_declined,1
transaction,2700.73,45,SMA-1,0.4836,1,card_declined,0
loan,32426.05,79,SMA-2,0.4616,4,insufficient_funds,0
loan,41925.94,36,SMA-2,0.8655,0,missed_emi,0
transaction,6062.26,40,SMA-1,0.4127,3,insufficient_funds,0
transaction,5164.62,117,NPA,0.2677,5,otp_failure,0
loan,40413.91,36,SMA-2,0.6034,2,missed_emi,0
loan,7537.18,54,SMA-1,0.5913,2,missed_emi,0
loan,21622.22,4,SMA-0,0.5066,3,insufficient_funds,0
transaction,10363.28,87,SMA-2,0.3947,3,bank_downtime,0
transaction,11426.8,60,SMA-1,0.7602,1,insufficient_funds,0
transaction,14708.0,34,SMA-1,0.4499,2,card_declined,0
loan,20968.06,1,SMA-0,0.4138,2,missed_emi,0
transaction,12447.34,53,SMA-1,0.3806,3,card_declined,0
transaction,11914.82,0,Standard,0.6016,1,insufficient_funds,0
loan,29642.72,0,Standard,0.6302,1,missed_emi,1
transaction,12989.42,56,SMA-0,0.3821,3,bank_downtime,0
loan,16675.21,14,SMA-0,0.5064,3,bank_downtime,1
loan,8809.19,15,SMA-0,0.8067,1,bank_downtime,1
loan,10367.23,60,SMA-1,0.6328,0,missed_emi,1
transaction,4879.36,4,SMA-0,0.9319,0,otp_failure,1
transaction,10253.86,25,Standard,0.2889,2,card_declined,0
loan,42819.92,11,Standard,0.7833,1,insufficient_funds,1
loan,36558.2,52,SMA-0,0.5553,0,insufficient_funds,0
loan,40506.83,61,SMA-2,0.7108,2,insufficient_funds,0
transaction,7344.02,69,SMA-1,0.4388,1,insufficient_funds,0
loan,23209.42,20,Standard,0.2502,3,bank_downtime,1
loan,22715.68,6,SMA-0,0.6997,2,missed_emi,1
loan,13634.29,6,SMA-0,0.3877,1,missed_emi,0
loan,7754.75,36,SMA-1,0.4076,2,insufficient_funds,0
loan,31591.22,106,NPA,0.6971,3,missed_emi,0
loan,49514.75,17,SMA-1,0.5276,2,missed_emi,0
transaction,3753.18,20,SMA-0,0.711,2,insufficient_funds,0
transaction,1410.35,7,SMA-0,0.3699,4,otp_failure,0
transaction,15700.87,55,SMA-1,0.5761,1,card_declined,0
transaction,5425.43,64,SMA-2,0.3604,3,otp_failure,0
transaction,16678.05,59,SMA-0,0.483,2,card_declined,0
transaction,14226.77,90,SMA-2,0.6086,1,insufficient_funds,0
transaction,18940.63,42,SMA-1,0.4071,1,otp_failure,0
transaction,8474.08,10,SMA-0,0.6986,1,insufficient_funds,0
loan,34788.64,23,SMA-0,0.238,4,missed_emi,0
loan,25918.47,61,SMA-2,0.4133,3,missed_emi,0
transaction,12796.48,55,SMA-0,0.2857,3,card_declined,0
loan,25231.95,46,SMA-1,0.7645,1,insufficient_funds,0
transaction,4178.33,64,SMA-2,0.6227,1,card_declined,0
transaction,10404.0,58,SMA-1,0.4273,3,card_declined,0
transaction,10807.39,93,NPA,0.8037,0,otp_failure,0
transaction,16306.78,52,SMA-2,0.7755,1,otp_failure,1
loan,38098.43,77,SMA-2,0.5879,2,insufficient_funds,0
loan,34870.62,19,SMA-0,0.7334,1,missed_emi,0
transaction,2711.05,63,SMA-2,0.6421,2,card_declined,0
transaction,14552.02,97,NPA,0.7262,1,card_declined,0
transaction,10255.95,32,SMA-1,0.655,0,bank_downtime,1
transaction,17934.94,77,SMA-2,0.7177,0,insufficient_funds,0
transaction,18437.48,69,SMA-2,0.9215,2,card_declined,0
transaction,1575.55,4,Standard,0.764,1,bank_downtime,1
loan,41928.87,52,SMA-1,0.5879,0,bank_downtime,1
loan,6696.38,10,SMA-0,0.767,2,missed_emi,0
transaction,7659.81,112,SMA-2,0.6925,1,card_declined,0
loan,29403.5,82,NPA,0.7751,1,insufficient_funds,0
transaction,3387.97,8,SMA-0,0.9387,0,insufficient_funds,0
transaction,15053.12,9,SMA-0,0.4397,4,bank_downtime,0
transaction,662.92,53,SMA-1,0.3579,2,otp_failure,0
loan,12586.96,28,SMA-0,0.8754,0,bank_downtime,0
loan,31135.86,2,SMA-0,0.3315,3,bank_downtime,1
loan,37147.44,48,SMA-1,0.6892,0,missed_emi,0
transaction,18374.54,32,SMA-1,0.7813,1,insufficient_funds,0
loan,36747.35,7,SMA-0,0.2909,4,missed_emi,0
transaction,13599.7,80,SMA-2,0.4314,2,bank_downtime,0
loan,22745.35,100,NPA,0.7507,2,insufficient_funds,0
transaction,525.05,74,SMA-2,0.8268,1,insufficient_funds,0
transaction,2843.11,83,SMA-2,0.7377,2,card_declined,0
transaction,10923.81,17,SMA-0,0.4462,3,otp_failure,0
loan,35380.84,21,SMA-0,0.9244,1,insufficient_funds,1
transaction,8640.24,16,SMA-0,0.7772,2,otp_failure,1
loan,37880.56,75,SMA-2,0.5026,2,insufficient_funds,0
transaction,10676.31,107,NPA,0.7057,1,bank_downtime,0
loan,8337.93,68,SMA-2,0.5247,2,insufficient_funds,0
loan,13640.73,93,NPA,0.9503,0,missed_emi,0
loan,42799.92,58,SMA-1,0.7117,2,insufficient_funds,0
transaction,14635.8,32,SMA-1,0.3936,3,insufficient_funds,0
transaction,17947.86,36,SMA-1,0.3568,3,card_declined,0
transaction,2792.37,5,SMA-0,0.5423,2,insufficient_funds,0
loan,49560.01,2,SMA-0,0.4429,2,missed_emi,0
transaction,4583.43,66,SMA-2,0.569,4,bank_downtime,0
transaction,729.71,37,SMA-1,0.7701,2,card_declined,0
transaction,19949.75,49,SMA-1,0.7002,1,insufficient_funds,0
transaction,5980.94,49,SMA-1,0.7733,1,otp_failure,0
loan,35060.88,22,SMA-0,0.4642,2,missed_emi,0
transaction,3945.31,41,SMA-1,0.8471,0,card_declined,1
loan,31110.28,40,SMA-1,0.6759,1,insufficient_funds,0
transaction,18128.68,32,SMA-1,0.9196,0,insufficient_funds,0
transaction,6743.53,83,SMA-2,0.1606,5,card_declined,0
transaction,13569.95,38,SMA-1,0.4158,2,bank_downtime,0
transaction,4164.12,54,SMA-1,0.8883,0,insufficient_funds,0
transaction,12683.51,96,NPA,0.4438,4,card_declined,0
loan,20140.27,91,NPA,0.3284,3,missed_emi,0
transaction,4618.56,95,NPA,0.631,1,otp_failure,0
loan,19093.19,21,SMA-0,0.7965,1,insufficient_funds,0
transaction,3987.4,2,SMA-0,0.476,2,card_declined,1
transaction,18087.36,21,SMA-0,0.2809,3,bank_downtime,1
loan,22873.41,22,SMA-0,0.522,2,insufficient_funds,0
transaction,5282.95,99,NPA,0.1624,4,otp_failure,0
transaction,9243.95,60,SMA-1,0.1965,5,otp_failure,0
transaction,6750.46,6,SMA-0,0.5758,2,otp_failure,0
transaction,15016.18,10,SMA-0,0.7977,0,insufficient_funds,1
loan,48704.9,12,SMA-1,0.7307,1,missed_emi,0
transaction,9041.66,58,SMA-1,0.7271,1,otp_failure,0
loan,43746.5,71,SMA-2,0.3999,3,insufficient_funds,0
loan,30463.84,90,SMA-2,0.6924,1,insufficient_funds,0
transaction,3566.1,105,SMA-2,0.6851,1,insufficient_funds,0
loan,36078.02,16,SMA-1,0.3578,4,bank_downtime,0
transaction,10511.97,25,SMA-0,0.5066,2,insufficient_funds,1
loan,34277.29,19,SMA-0,0.2281,3,missed_emi,0
transaction,17848.9,29,SMA-0,0.6391,2,bank_downtime,1
loan,24819.56,100,NPA,0.2334,2,missed_emi,0
transaction,18072.96,51,SMA-1,0.4282,1,card_declined,1
transaction,15138.05,71,SMA-1,0.8438,2,insufficient_funds,1
loan,26987.22,42,SMA-1,0.746,1,missed_emi,0
loan,32145.0,2,SMA-0,0.9107,0,missed_emi,1
transaction,6848.83,4,SMA-0,0.6873,1,bank_downtime,1
transaction,19680.15,47,SMA-1,0.7561,0,insufficient_funds,0
loan,35030.8,69,SMA-2,0.2451,3,bank_downtime,1
loan,6973.11,17,SMA-0,0.6906,1,missed_emi,0
loan,19697.99,69,SMA-2,0.6357,1,missed_emi,0
loan,33049.15,82,SMA-2,0.3583,3,missed_emi,0
loan,7535.0,34,SMA-1,0.4104,3,missed_emi,0
loan,6074.79,72,SMA-2,0.5235,2,missed_emi,0
transaction,9275.47,34,SMA-1,0.6015,1,card_declined,0
transaction,6987.46,63,SMA-2,0.3528,5,insufficient_funds,0
loan,24723.44,75,SMA-2,0.8782,0,insufficient_funds,0
loan,16821.2,118,NPA,0.7809,0,insufficient_funds,0
transaction,3712.0,28,SMA-1,0.6112,0,insufficient_funds,0
transaction,13938.3,34,SMA-0,0.7392,3,otp_failure,0
loan,28155.7,13,SMA-0,0.5991,3,missed_emi,0
transaction,4403.01,16,SMA-0,0.5617,4,card_declined,0
transaction,6731.99,65,SMA-2,0.8513,1,card_declined,0
transaction,12040.25,100,SMA-2,0.8074,0,insufficient_funds,0
transaction,1908.47,33,SMA-1,0.6838,0,bank_downtime,1
transaction,3375.33,14,SMA-0,0.8057,2,otp_failure,1
transaction,1928.29,23,SMA-0,0.9835,0,otp_failure,1
transaction,16340.19,39,SMA-1,0.8371,0,otp_failure,0
loan,38858.42,23,SMA-0,0.6734,1,missed_emi,0
transaction,15189.6,18,SMA-0,0.2071,2,bank_downtime,0
loan,37234.64,71,SMA-2,0.8713,0,insufficient_funds,0
loan,35122.34,0,Standard,0.36,3,insufficient_funds,0
transaction,9801.34,47,SMA-1,0.7284,0,card_declined,0
loan,33902.52,79,SMA-1,0.5434,1,insufficient_funds,0
transaction,1248.05,21,SMA-0,0.6421,1,card_declined,1
loan,32965.9,54,SMA-1,0.8144,0,bank_downtime,1
transaction,15668.62,62,NPA,0.5542,1,insufficient_funds,0
loan,27516.13,60,SMA-2,0.546,0,missed_emi,0
loan,21088.1,38,SMA-1,0.8384,3,bank_downtime,1
transaction,5909.82,28,SMA-0,0.6983,0,otp_failure,1
transaction,13034.64,86,SMA-2,0.541,0,otp_failure,0
loan,36176.05,74,SMA-2,0.2718,3,missed_emi,0
loan,44193.54,26,SMA-0,0.2756,2,missed_emi,0
transaction,7175.51,7,SMA-0,0.464,2,insufficient_funds,0
loan,39639.75,5,SMA-0,0.6343,2,missed_emi,0
transaction,11446.44,7,SMA-0,0.4765,2,otp_failure,1
loan,44727.64,52,SMA-1,0.5975,3,bank_downtime,0
transaction,10792.34,3,SMA-0,0.2269,4,bank_downtime,1
loan,28293.34,27,SMA-0,0.8077,0,missed_emi,0
transaction,11768.6,73,SMA-2,0.8375,0,otp_failure,0
transaction,15111.65,23,SMA-0,0.6713,1,otp_failure,0
transaction,19311.46,75,SMA-2,0.6595,1,insufficient_funds,0
transaction,1934.49,72,SMA-2,0.7746,2,insufficient_funds,0
transaction,1541.97,19,SMA-0,0.8742,1,otp_failure,0
transaction,18782.23,70,SMA-2,0.4088,2,insufficient_funds,0
loan,28844.4,72,SMA-2,0.5042,1,missed_emi,0
transaction,12490.61,33,SMA-1,0.947,0,card_declined,0
transaction,9907.26,16,SMA-0,0.7939,1,insufficient_funds,1
transaction,2326.32,45,SMA-1,0.4519,1,insufficient_funds,1
transaction,15477.74,101,SMA-2,0.5089,3,bank_downtime,0
transaction,15070.88,59,SMA-1,0.637,1,card_declined,1
transaction,6578.21,13,Standard,0.5208,2,card_declined,0
transaction,6471.67,64,SMA-2,0.3002,3,otp_failure,0
transaction,16837.91,36,SMA-1,0.6162,2,insufficient_funds,0
transaction,1910.97,53,SMA-1,0.5751,3,insufficient_funds,0
transaction,17681.55,71,SMA-2,0.6177,2,bank_downtime,0
transaction,5504.9,45,SMA-0,0.7162,1,insufficient_funds,1
transaction,12063.2,82,SMA-2,0.8999,0,otp_failure,0
loan,47119.74,69,SMA-2,0.8447,0,missed_emi,0
transaction,13723.39,56,SMA-1,0.7905,1,bank_downtime,0
loan,23649.34,11,SMA-0,0.6878,3,missed_emi,0
transaction,13945.92,86,SMA-2,0.8183,0,otp_failure,1
loan,20479.08,104,NPA,0.2445,3,insufficient_funds,0
loan,17476.63,10,Standard,0.5207,3,insufficient_funds,0
transaction,19935.32,42,SMA-1,0.3295,3,otp_failure,0
loan,38785.56,20,SMA-0,0.2699,3,missed_emi,0
transaction,13072.04,73,SMA-2,0.261,2,bank_downtime,1
transaction,7428.15,69,SMA-2,0.4311,0,card_declined,0
loan,7212.24,10,SMA-0,0.8138,1,missed_emi,0
loan,6397.56,93,SMA-2,0.6745,2,insufficient_funds,0
transaction,11306.53,14,SMA-0,0.5455,2,card_declined,0
transaction,15359.64,80,SMA-2,0.7188,1,insufficient_funds,0
transaction,10978.89,39,SMA-0,0.2625,3,otp_failure,0
transaction,16895.31,27,SMA-0,0.6751,1,card_declined,0
loan,6504.19,12,SMA-0,0.3991,2,insufficient_funds,1
transaction,7651.67,13,SMA-0,0.3547,4,card_declined,0
transaction,5122.87,61,SMA-1,0.6508,1,bank_downtime,0
transaction,9221.82,48,SMA-1,0.7992,1,insufficient_funds,0
transaction,1911.34,9,SMA-0,0.6247,0,insufficient_funds,1
transaction,19105.57,8,SMA-0,0.6641,1,otp_failure,0
loan,15046.49,5,SMA-0,0.6137,1,insufficient_funds,1
loan,46503.85,72,SMA-2,0.7713,1,insufficient_funds,0
loan,24165.19,68,SMA-2,0.3866,3,insufficient_funds,0
transaction,19717.72,4,SMA-0,0.6892,1,card_declined,1
loan,29932.63,50,SMA-0,0.3915,2,insufficient_funds,0
loan,46887.48,6,SMA-0,0.351,4,insufficient_funds,0
loan,5240.7,98,NPA,0.2622,3,missed_emi,0
transaction,15090.66,98,NPA,0.62,1,card_declined,0
transaction,18109.49,66,SMA-2,0.712,1,card_declined,0
transaction,3224.55,102,SMA-2,0.2816,3,card_declined,0
transaction,2374.45,82,SMA-2,0.5263,2,card_declined,0
transaction,8779.17,84,SMA-2,0.6903,2,card_declined,0
transaction,18706.74,51,SMA-1,0.5797,3,card_declined,1
transaction,11076.54,25,SMA-0,0.5026,2,otp_failure,1
loan,28735.54,17,SMA-0,0.1833,4,missed_emi,1
transaction,3251.96,26,SMA-0,0.584,1,bank_downtime,1
transaction,515.4,57,SMA-1,0.192,2,otp_failure,0
loan,41456.3,13,SMA-0,0.4536,2,missed_emi,1
loan,8940.86,20,SMA-0,0.394,4,missed_emi,0
loan,33523.24,40,SMA-1,0.4562,2,missed_emi,0
loan,46157.74,18,SMA-0,0.3394,3,missed_emi,0
transaction,4568.71,53,SMA-1,0.753,0,otp_failure,1
loan,34937.28,102,NPA,0.1628,4,insufficient_funds,0
transaction,2034.62,72,SMA-2,0.6377,1,card_declined,0
transaction,12273.23,62,SMA-2,0.3087,4,card_declined,0
transaction,3696.67,52,SMA-1,0.8648,0,otp_failure,1
transaction,14851.09,42,SMA-1,0.3122,3,insufficient_funds,0
transaction,6374.01,14,SMA-0,0.6137,3,otp_failure,1
loan,25852.6,96,NPA,0.4627,3,missed_emi,0
loan,31974.37,19,SMA-0,0.6687,2,missed_emi,0
transaction,3839.83,7,SMA-1,0.8014,0,insufficient_funds,0
transaction,14961.94,73,SMA-2,0.6256,3,insufficient_funds,0
loan,18618.82,13,SMA-0,0.2517,4,missed_emi,0
loan,34806.73,31,SMA-1,0.9026,1,insufficient_funds,1
transaction,3586.52,2,SMA-0,0.6125,3,insufficient_funds,0
loan,35965.29,10,SMA-0,0.6858,3,insufficient_funds,0
transaction,2999.67,13,SMA-0,0.6759,1,insufficient_funds,0
transaction,8794.45,4,SMA-0,0.4259,1,insufficient_funds,0
loan,16124.27,61,SMA-2,0.1883,4,bank_downtime,0
transaction,15093.32,86,SMA-2,0.6907,1,otp_failure,0
transaction,5609.68,31,SMA-1,0.6654,1,insufficient_funds,0
loan,44677.28,92,NPA,0.6246,1,insufficient_funds,0
loan,45131.91,16,SMA-0,0.5598,0,missed_emi,0
transaction,4330.61,26,SMA-0,0.6391,0,card_declined,1
transaction,12470.0,11,SMA-0,0.9222,0,insufficient_funds,1
transaction,2210.49,56,SMA-1,0.5003,1,card_declined,0
loan,22619.17,35,SMA-1,0.6356,2,insufficient_funds,0
transaction,14409.77,56,SMA-1,0.7177,3,insufficient_funds,0
transaction,13358.75,74,SMA-2,0.7069,1,insufficient_funds,0
loan,33111.53,48,SMA-1,0.293,3,bank_downtime,1
transaction,6009.55,57,SMA-1,0.5563,0,insufficient_funds,0
transaction,7871.49,104,NPA,0.5349,2,insufficient_funds,0
transaction,2507.45,24,SMA-0,0.7662,2,insufficient_funds,0
loan,37356.03,29,SMA-0,0.9345,1,insufficient_funds,0
transaction,10325.83,68,SMA-2,0.511,1,bank_downtime,0
transaction,14320.93,55,SMA-1,0.8372,1,bank_downtime,1
loan,16202.46,14,SMA-0,0.5769,4,missed_emi,0
transaction,6826.55,31,SMA-1,0.4286,2,insufficient_funds,0
transaction,7017.2,40,SMA-2,0.9715,0,insufficient_funds,0
transaction,1001.98,35,SMA-1,0.9813,0,bank_downtime,1
transaction,7150.43,14,SMA-0,0.2396,1,bank_downtime,0
transaction,16164.44,102,NPA,0.3157,4,bank_downtime,0
transaction,17997.32,74,SMA-2,0.7605,3,otp_failure,0
transaction,10605.26,41,SMA-1,0.7272,1,insufficient_funds,1
transaction,9382.28,64,SMA-2,0.492,3,card_declined,0
loan,6387.11,96,NPA,0.3852,3,missed_emi,0
loan,44564.2,10,SMA-0,0.612,1,missed_emi,0
loan,5585.46,20,SMA-0,0.6265,1,insufficient_funds,0
loan,47513.75,48,SMA-1,0.6426,2,missed_emi,0
transaction,10039.72,80,SMA-2,0.537,3,bank_downtime,0
loan,20387.05,2,SMA-0,0.5913,1,missed_emi,1
transaction,18522.26,116,NPA,0.6025,1,otp_failure,0
loan,6097.59,39,SMA-1,0.3728,3,missed_emi,0
loan,31164.12,29,SMA-0,0.8225,1,insufficient_funds,1
loan,29701.96,23,Standard,0.5682,2,missed_emi,0
loan,14869.42,13,SMA-0,0.7251,1,missed_emi,1
transaction,8863.3,79,SMA-2,0.8239,1,insufficient_funds,0
transaction,13219.15,109,NPA,0.2099,3,card_declined,0
transaction,14679.06,35,SMA-0,0.5003,2,card_declined,0
transaction,513.98,108,NPA,0.6165,2,card_declined,0
transaction,18768.64,84,SMA-2,0.7199,0,otp_failure,0
loan,12403.64,41,SMA-1,0.8706,0,insufficient_funds,0
loan,15511.12,63,SMA-2,0.7453,0,insufficient_funds,0
transaction,5637.73,37,SMA-1,0.9133,0,card_declined,0
loan,6701.91,49,SMA-2,0.754,1,missed_emi,0
loan,10537.35,4,Standard,0.2817,3,insufficient_funds,0
loan,49385.75,66,SMA-2,0.5077,2,insufficient_funds,0
loan,19184.75,4,SMA-0,0.7805,1,insufficient_funds,1
transaction,2748.37,83,NPA,0.4296,1,insufficient_funds,0
loan,9814.61,84,SMA-2,0.5999,2,insufficient_funds,0
loan,37375.7,18,SMA-0,0.478,2,missed_emi,0
transaction,17164.09,26,SMA-0,0.2927,3,card_declined,0
transaction,5510.57,41,SMA-1,0.7385,1,card_declined,0
loan,5940.93,54,SMA-1,0.721,0,insufficient_funds,0
transaction,4850.26,23,Standard,0.8282,0,otp_failure,1
loan,7543.21,53,SMA-1,0.8688,0,insufficient_funds,0
loan,9652.77,24,SMA-0,0.4373,3,bank_downtime,1
transaction,8914.41,4,SMA-0,0.2552,3,otp_failure,0
transaction,4983.41,0,Standard,0.5963,0,insufficient_funds,0
loan,28217.56,7,SMA-0,0.6053,1,missed_emi,1
transaction,5443.13,79,SMA-2,0.8864,0,insufficient_funds,0
transaction,18840.48,110,NPA,0.5724,2,insufficient_funds,0
transaction,18165.91,36,SMA-1,0.4688,1,insufficient_funds,0
transaction,11552.72,44,SMA-1,0.7533,2,insufficient_funds,0
loan,20949.08,11,SMA-0,0.3239,3,insufficient_funds,0
transaction,7932.36,49,SMA-1,0.4837,2,insufficient_funds,0
loan,23533.35,11,SMA-0,0.4826,2,missed_emi,0
transaction,14687.8,55,SMA-1,0.3729,2,insufficient_funds,0
transaction,9306.96,104,NPA,0.6859,2,otp_failure,0
loan,43552.85,15,SMA-0,0.538,2,insufficient_funds,0
loan,47484.27,75,SMA-2,0.3642,1,bank_downtime,0
transaction,7050.95,1,SMA-0,0.5359,2,bank_downtime,0
transaction,11433.54,31,SMA-1,0.6198,3,bank_downtime,0
transaction,2353.6,8,SMA-0,0.4491,2,otp_failure,0
transaction,4409.15,29,SMA-0,0.5405,2,otp_failure,1
loan,23605.96,13,SMA-0,0.4765,2,insufficient_funds,0
transaction,4520.95,31,SMA-1,0.8846,0,bank_downtime,1
transaction,17592.93,35,SMA-1,0.5857,2,card_declined,0
transaction,3586.58,24,SMA-0,0.6792,1,insufficient_funds,0
loan,25504.74,61,SMA-2,0.5872,3,bank_downtime,0
loan,32256.47,101,NPA,0.733,1,insufficient_funds,0
transaction,13991.35,33,SMA-1,0.6126,1,card_declined,0
loan,22238.12,15,SMA-0,0.7336,2,missed_emi,0
transaction,17447.43,21,SMA-0,0.2572,4,insufficient_funds,0
transaction,11582.22,89,SMA-1,0.7882,1,insufficient_funds,0
loan,24777.85,51,SMA-1,0.7626,0,missed_emi,0
loan,8025.83,39,SMA-2,0.6074,2,missed_emi,1
loan,25911.03,11,SMA-0,0.2896,2,missed_emi,0
transaction,16504.35,38,SMA-2,0.3887,2,insufficient_funds,0
transaction,12483.55,22,SMA-0,0.8786,0,otp_failure,1
loan,42447.31,106,NPA,0.2269,3,bank_downtime,0
transaction,10133.23,94,NPA,0.8612,1,bank_downtime,0
transaction,2810.0,6,SMA-0,0.7459,1,card_declined,1
transaction,765.98,45,SMA-1,0.3261,1,insufficient_funds,0
loan,18644.88,17,SMA-0,0.9553,1,bank_downtime,1
transaction,14110.81,34,SMA-2,0.5666,2,insufficient_funds,0
transaction,15910.07,93,NPA,0.9081,1,otp_failure,0
loan,18308.88,46,SMA-1,0.5851,2,missed_emi,0
transaction,10165.25,27,SMA-0,0.3286,1,otp_failure,0
transaction,8711.82,16,SMA-1,0.4581,2,card_declined,0
transaction,8505.19,80,SMA-2,0.3987,2,insufficient_funds,0
transaction,5011.3,57,SMA-1,0.7494,0,bank_downtime,1
transaction,3159.24,40,SMA-1,0.5025,3,otp_failure,0
transaction,4335.43,17,SMA-0,0.3628,3,insufficient_funds,1
loan,7489.96,27,Standard,0.2601,3,insufficient_funds,0
transaction,4363.55,110,NPA,0.9469,1,otp_failure,0
loan,5414.04,45,SMA-1,0.8242,0,missed_emi,0
transaction,12731.54,33,SMA-1,0.4322,0,card_declined,1
transaction,6669.32,45,SMA-1,0.5517,2,insufficient_funds,0
transaction,19476.32,77,SMA-2,0.4253,1,bank_downtime,1
transaction,4277.48,28,SMA-0,0.6504,4,insufficient_funds,0
loan,20562.29,14,SMA-0,0.1618,4,bank_downtime,0
transaction,7477.9,52,SMA-1,0.6312,1,insufficient_funds,0
transaction,664.8,62,SMA-2,0.708,0,insufficient_funds,1
loan,42764.36,68,SMA-2,0.6593,0,insufficient_funds,0
loan,6439.75,94,SMA-2,0.6194,2,missed_emi,0
loan,47308.09,30,SMA-1,0.5747,4,insufficient_funds,0
transaction,17895.45,5,SMA-0,0.34,1,card_declined,0
loan,29098.49,109,NPA,0.5795,4,insufficient_funds,0
transaction,11100.11,37,SMA-1,0.8433,0,card_declined,1
transaction,13248.67,57,SMA-1,0.8166,0,card_declined,1
transaction,8047.48,62,SMA-2,0.2364,2,insufficient_funds,0
transaction,13120.83,48,SMA-1,0.7712,2,card_declined,0
transaction,1372.98,16,SMA-0,0.4414,2,card_declined,0
transaction,1553.93,73,SMA-2,0.4814,3,otp_failure,0
loan,25575.37,81,SMA-2,0.6102,1,missed_emi,1
transaction,11217.63,49,SMA-1,0.5542,2,insufficient_funds,1
transaction,17812.44,42,SMA-1,0.4895,1,card_declined,0
transaction,2540.88,8,SMA-0,0.2637,1,insufficient_funds,0
loan,42019.16,6,SMA-0,0.8424,0,missed_emi,0
transaction,4595.92,28,SMA-0,0.4468,3,insufficient_funds,0
transaction,8184.63,25,SMA-0,0.7529,1,insufficient_funds,0
loan,19247.11,108,NPA,0.6732,0,missed_emi,0
loan,23006.99,78,SMA-2,0.7883,1,bank_downtime,0
transaction,3434.66,61,SMA-2,0.4352,3,otp_failure,0
loan,27660.65,45,SMA-1,0.6658,1,insufficient_funds,0
loan,41073.92,13,Standard,0.2064,4,missed_emi,0
loan,24869.03,114,NPA,0.6707,3,insufficient_funds,0
transaction,10066.96,31,SMA-1,0.3046,3,insufficient_funds,0
loan,43194.54,8,SMA-0,0.709,1,missed_emi,0
transaction,14268.13,42,SMA-1,0.5166,2,insufficient_funds,0
transaction,10063.86,92,NPA,0.6617,1,insufficient_funds,0
transaction,5525.07,95,NPA,0.7763,1,bank_downtime,0
transaction,17756.07,0,Standard,0.6438,0,bank_downtime,1
transaction,11751.9,94,NPA,0.7049,3,card_declined,0
loan,14951.64,21,SMA-0,0.6106,2,missed_emi,0
transaction,5747.84,2,Standard,0.5598,0,otp_failure,0
transaction,16161.1,88,SMA-2,0.577,2,card_declined,0
transaction,1360.84,90,SMA-2,0.8413,0,insufficient_funds,1
transaction,19845.8,54,SMA-2,0.314,4,bank_downtime,0
loan,10865.83,51,SMA-1,0.79,1,missed_emi,0
transaction,16023.34,82,SMA-2,0.2957,3,bank_downtime,0
transaction,8198.12,78,SMA-2,0.6939,0,insufficient_funds,0
transaction,10098.22,95,NPA,0.5326,2,otp_failure,0
transaction,17672.69,49,SMA-1,0.2169,3,otp_failure,0
transaction,8551.77,112,NPA,0.2843,2,card_declined,0
loan,29187.22,119,NPA,0.4046,2,insufficient_funds,0
loan,7218.48,9,Standard,0.6174,1,missed_emi,1
transaction,545.78,88,SMA-2,0.4753,5,card_declined,0
loan,16015.99,43,SMA-1,0.5689,2,missed_emi,0
loan,35626.24,32,SMA-1,0.3571,3,missed_emi,0
loan,10456.92,55,SMA-1,0.7314,3,missed_emi,0
transaction,2718.36,4,SMA-0,0.7875,2,otp_failure,0
transaction,8513.73,44,SMA-0,0.8464,0,card_declined,0
transaction,13132.82,92,NPA,0.637,1,bank_downtime,0
loan,37043.24,16,Standard,0.656,3,missed_emi,0
loan,13030.28,36,SMA-1,0.7346,1,insufficient_funds,1
transaction,2051.97,105,NPA,0.9058,1,insufficient_funds,0
transaction,18837.74,36,SMA-1,0.2641,1,otp_failure,0
loan,16729.99,29,SMA-0,0.5255,2,missed_emi,0
loan,43400.59,37,SMA-1,0.7012,1,bank_downtime,0
loan,43857.12,45,SMA-1,0.9883,0,missed_emi,0
loan,39763.52,58,SMA-1,0.4921,3,missed_emi,0
transaction,3792.26,80,SMA-1,0.2438,3,card_declined,0
transaction,16525.13,38,SMA-1,0.5318,2,card_declined,1
loan,39616.28,83,SMA-2,0.2375,3,missed_emi,0
transaction,12136.1,47,SMA-1,0.6855,1,insufficient_funds,0
transaction,7075.44,27,SMA-0,0.5196,0,insufficient_funds,0
loan,16812.89,61,SMA-2,0.4575,2,missed_emi,0
transaction,2876.84,68,SMA-2,0.6239,0,otp_failure,1
loan,27939.07,49,SMA-1,0.3791,3,insufficient_funds,0
transaction,11912.59,4,SMA-0,0.4199,3,insufficient_funds,0
loan,21170.25,13,SMA-1,0.4887,1,missed_emi,0
transaction,9769.5,23,Standard,0.6618,0,card_declined,1
transaction,7588.53,22,SMA-0,0.5923,3,otp_failure,0
loan,33845.27,63,SMA-2,0.5163,3,missed_emi,0
transaction,18074.55,1,SMA-0,0.5758,0,card_declined,1
loan,12376.41,74,SMA-2,0.6571,0,bank_downtime,0
loan,22163.4,21,SMA-0,0.5583,2,bank_downtime,0
transaction,3246.94,25,SMA-0,0.7446,1,bank_downtime,1
transaction,12686.4,46,SMA-1,0.5182,2,insufficient_funds,0
transaction,14712.97,17,SMA-0,0.4112,2,otp_failure,1
transaction,18672.3,94,NPA,0.3171,5,card_declined,0
loan,17549.24,6,SMA-0,0.2596,3,missed_emi,0
loan,47759.5,38,SMA-1,0.7723,0,insufficient_funds,0
loan,7846.82,88,SMA-2,0.7796,1,missed_emi,0
loan,32135.62,56,SMA-1,0.7072,1,bank_downtime,1
transaction,1614.09,23,SMA-0,0.4268,1,bank_downtime,1
loan,45219.84,35,SMA-0,0.3106,0,missed_emi,0
loan,28841.41,67,SMA-2,0.483,1,insufficient_funds,0
loan,35120.68,113,NPA,0.6791,1,bank_downtime,0
loan,42420.83,96,SMA-2,0.8414,0,insufficient_funds,0
transaction,3431.06,28,SMA-0,0.82,0,card_declined,0
loan,6736.62,120,SMA-2,0.7833,1,missed_emi,0
transaction,17638.18,0,Standard,0.4636,2,insufficient_funds,1
transaction,6641.2,2,SMA-0,0.6174,3,card_declined,1
transaction,3015.09,84,SMA-2,0.5872,3,otp_failure,0
loan,26080.76,15,SMA-0,0.4401,4,missed_emi,0
loan,31923.77,4,SMA-0,0.4465,4,bank_downtime,0
loan,6393.68,19,SMA-0,0.7339,1,missed_emi,1
loan,17370.3,36,SMA-1,0.5256,2,insufficient_funds,0
transaction,1139.6,70,SMA-2,0.7891,1,card_declined,1
loan,23915.09,57,SMA-1,0.8202,0,bank_downtime,0
transaction,17954.45,19,SMA-0,0.9149,0,card_declined,0
transaction,19661.72,43,SMA-1,0.4859,2,insufficient_funds,0
transaction,12922.43,102,NPA,0.494,0,card_declined,0
loan,12273.7,82,SMA-2,0.5316,1,missed_emi,0
loan,45763.22,26,SMA-0,0.6875,1,insufficient_funds,1
transaction,10566.83,115,NPA,0.3299,5,card_declined,0
transaction,3498.11,67,SMA-2,0.8891,0,bank_downtime,0
loan,46477.7,4,SMA-0,0.4478,3,insufficient_funds,0
transaction,15270.65,2,SMA-0,0.3403,2,insufficient_funds,0
loan,37926.74,13,SMA-0,0.2367,3,missed_emi,0
loan,36913.13,70,SMA-2,0.8017,0,missed_emi,0
transaction,4406.63,14,SMA-0,0.3715,3,insufficient_funds,0
transaction,4614.63,44,SMA-1,0.4564,5,bank_downtime,0
loan,35973.18,7,SMA-0,0.7934,1,bank_downtime,0
loan,14887.52,101,NPA,0.5349,1,missed_emi,0
transaction,9054.1,28,SMA-0,0.5911,2,bank_downtime,1
loan,40190.08,98,NPA,0.7046,2,bank_downtime,0
transaction,15787.07,106,NPA,0.9198,3,otp_failure,0
transaction,9338.6,0,Standard,0.5854,2,insufficient_funds,1
loan,40648.55,39,SMA-1,0.5479,2,bank_downtime,0
loan,42737.98,1,SMA-0,0.3222,3,insufficient_funds,0
transaction,13268.13,99,NPA,0.6112,1,otp_failure,0
loan,15279.16,45,SMA-0,0.2131,3,insufficient_funds,0
transaction,5843.23,5,SMA-0,0.7273,1,insufficient_funds,0
transaction,6639.4,8,SMA-0,0.4768,2,otp_failure,1
transaction,2777.68,32,SMA-1,0.5563,1,card_declined,0
loan,17292.18,105,NPA,0.6341,1,insufficient_funds,0
transaction,4585.62,65,SMA-2,0.838,0,insufficient_funds,0
transaction,9378.91,91,NPA,0.831,0,bank_downtime,0
transaction,18214.53,30,SMA-0,0.1616,4,card_declined,0
loan,9701.61,3,SMA-0,0.2858,1,missed_emi,0
loan,37412.06,113,NPA,0.7663,0,missed_emi,0
loan,35927.74,1,SMA-0,0.4749,1,insufficient_funds,1
transaction,2367.21,107,NPA,0.668,0,insufficient_funds,0
loan,46515.76,30,SMA-0,0.4852,1,insufficient_funds,0
transaction,11585.21,0,Standard,0.6855,2,insufficient_funds,0
loan,21367.65,65,SMA-2,0.7442,1,missed_emi,0
loan,39044.24,115,NPA,0.9885,0,bank_downtime,0
transaction,5518.63,111,SMA-2,0.368,3,insufficient_funds,0
loan,36207.94,12,SMA-0,0.336,3,insufficient_funds,0
transaction,1274.37,14,SMA-0,0.5778,0,bank_downtime,1
transaction,16868.46,50,SMA-1,0.6621,2,otp_failure,0
transaction,9239.33,58,SMA-2,0.6114,4,insufficient_funds,0
transaction,12915.51,71,SMA-2,0.2906,2,insufficient_funds,0
transaction,4814.14,14,SMA-0,0.7793,1,otp_failure,1
loan,35468.32,109,NPA,0.6911,0,missed_emi,0
transaction,15558.69,58,SMA-0,0.9218,0,otp_failure,1
loan,26294.59,87,SMA-2,0.4364,2,missed_emi,0
transaction,12545.68,47,SMA-0,0.517,3,card_declined,0
transaction,9398.36,35,SMA-1,0.6301,1,card_declined,1
loan,45234.11,114,NPA,0.4712,2,missed_emi,0
transaction,10208.45,52,SMA-1,0.7665,1,insufficient_funds,0
transaction,16915.27,91,NPA,0.6638,1,insufficient_funds,0
loan,41060.84,108,NPA,0.2289,3,insufficient_funds,0
transaction,8504.84,63,NPA,0.5198,3,otp_failure,1
transaction,4986.65,48,SMA-1,0.4553,2,otp_failure,1
transaction,8418.6,0,Standard,0.6134,1,insufficient_funds,0
loan,42179.78,3,SMA-0,0.1311,4,missed_emi,0
loan,15243.46,15,SMA-0,0.5725,4,insufficient_funds,0
loan,28599.64,14,SMA-0,0.4287,2,missed_emi,0
loan,41274.35,20,SMA-0,0.5875,1,missed_emi,0
transaction,7392.81,24,SMA-0,0.6992,1,bank_downtime,1
transaction,13023.09,29,SMA-0,0.5618,2,insufficient_funds,0
loan,16053.42,35,SMA-1,0.6165,4,missed_emi,0
transaction,2630.95,7,SMA-0,0.682,1,card_declined,1
transaction,15990.49,3,SMA-0,0.5767,1,card_declined,0
transaction,2429.89,63,NPA,0.5358,2,otp_failure,0
transaction,5791.94,47,SMA-1,0.7242,1,card_declined,1
loan,43479.92,37,SMA-1,0.6238,1,insufficient_funds,1
transaction,7256.15,58,SMA-1,0.5834,1,insufficient_funds,0
transaction,19474.38,84,SMA-2,0.7399,0,insufficient_funds,1
transaction,19604.82,36,SMA-1,0.2266,2,insufficient_funds,0
loan,17072.42,59,SMA-0,0.6852,1,missed_emi,0
transaction,1299.08,108,NPA,0.5082,2,card_declined,0
transaction,14248.73,86,SMA-2,0.3602,4,card_declined,0
loan,25294.39,36,SMA-1,0.6339,1,insufficient_funds,0
loan,9533.88,59,SMA-1,0.6711,0,missed_emi,0
transaction,14296.69,13,SMA-0,0.1948,4,otp_failure,0
transaction,1107.91,50,SMA-1,0.7578,2,card_declined,0
transaction,17468.84,115,NPA,0.268,3,bank_downtime,0
transaction,3203.72,45,SMA-2,0.8173,0,bank_downtime,0
transaction,2982.58,102,NPA,0.2158,4,card_declined,0
transaction,3925.61,34,SMA-1,0.5863,0,bank_downtime,0
transaction,19225.19,120,NPA,0.5924,4,bank_downtime,0
transaction,14016.8,52,SMA-1,0.7816,2,bank_downtime,0
loan,41061.72,3,SMA-0,0.6764,1,bank_downtime,1
loan,22893.57,52,SMA-1,0.4685,2,insufficient_funds,0
loan,20134.07,22,Standard,0.7179,0,insufficient_funds,1
transaction,5072.44,2,SMA-0,0.8438,5,insufficient_funds,0
transaction,9872.64,83,SMA-2,0.4537,3,card_declined,0
loan,29832.29,22,SMA-0,0.6502,1,insufficient_funds,0
transaction,12819.61,79,SMA-2,0.6157,0,otp_failure,0
transaction,5513.81,23,Standard,0.4534,2,insufficient_funds,1
transaction,18998.75,15,Standard,0.6067,4,insufficient_funds,0
loan,12639.13,113,SMA-2,0.9664,1,insufficient_funds,1
loan,48454.39,30,SMA-0,0.721,0,insufficient_funds,1
transaction,789.69,54,SMA-1,0.7887,1,card_declined,0
transaction,9881.95,55,SMA-1,0.4283,1,otp_failure,0
loan,20001.55,50,SMA-1,0.3643,4,bank_downtime,0
transaction,9257.91,100,NPA,0.616,1,insufficient_funds,0
loan,30679.91,63,SMA-1,0.8672,1,insufficient_funds,0
loan,24601.51,34,SMA-1,0.5909,1,missed_emi,0
loan,23668.11,90,NPA,0.5095,1,bank_downtime,0
transaction,14788.11,14,Standard,0.407,2,otp_failure,0
transaction,13874.59,48,SMA-0,0.3952,4,insufficient_funds,0
transaction,16748.79,107,NPA,0.7507,1,insufficient_funds,0
loan,16248.15,57,SMA-1,0.6875,1,missed_emi,1
loan,32428.78,83,SMA-2,0.6454,1,insufficient_funds,0
transaction,11911.3,60,SMA-1,0.4919,3,bank_downtime,1
transaction,7709.89,86,SMA-2,0.712,1,bank_downtime,0
loan,26872.59,106,NPA,0.825,0,missed_emi,0
loan,19120.2,22,SMA-0,0.4899,2,missed_emi,0
loan,11383.0,13,SMA-0,0.5775,3,missed_emi,0
transaction,4669.12,41,SMA-1,0.6901,2,insufficient_funds,0
transaction,2557.52,66,SMA-1,0.5442,2,card_declined,0
loan,35738.13,18,SMA-0,0.5598,5,bank_downtime,1
loan,34732.73,0,Standard,0.7305,0,missed_emi,0
transaction,19036.82,28,SMA-0,0.4549,2,bank_downtime,0
transaction,14728.73,112,NPA,0.6323,2,insufficient_funds,0
transaction,1514.89,65,SMA-2,0.8193,0,otp_failure,1
transaction,17742.78,33,SMA-1,0.3427,5,insufficient_funds,0
transaction,17322.17,15,SMA-1,0.4517,2,bank_downtime,1
loan,24949.41,29,SMA-0,0.3734,3,bank_downtime,0
transaction,11924.33,13,SMA-0,0.6527,1,otp_failure,1
loan,48923.52,8,SMA-0,0.731,1,missed_emi,0
transaction,10879.94,98,NPA,0.4655,2,card_declined,0
loan,45739.48,120,NPA,0.5223,2,bank_downtime,0
loan,8736.74,12,SMA-0,0.4583,1,bank_downtime,1
transaction,4225.51,4,SMA-1,0.356,4,card_declined,1
transaction,9094.72,27,SMA-0,0.73,0,insufficient_funds,1
transaction,11902.76,39,SMA-1,0.4401,3,insufficient_funds,0
transaction,16416.44,16,SMA-0,0.6891,1,card_declined,0
loan,49471.8,24,SMA-0,0.8991,0,insufficient_funds,1
loan,22498.32,15,SMA-0,0.6196,1,missed_emi,0
transaction,1424.6,76,SMA-2,0.6904,1,otp_failure,1
transaction,16122.84,68,SMA-2,0.9456,1,card_declined,0
transaction,12285.42,58,SMA-1,0.6542,4,otp_failure,1
loan,13934.43,32,SMA-1,0.2864,3,bank_downtime,0
transaction,10149.15,99,NPA,0.3516,3,otp_failure,0
transaction,14975.05,112,NPA,0.8057,0,insufficient_funds,0
loan,39668.53,13,SMA-0,0.7139,5,missed_emi,0
loan,27482.83,17,SMA-0,0.8723,1,missed_emi,0
transaction,6451.68,46,SMA-1,0.1432,4,otp_failure,0
loan,48818.42,7,SMA-0,0.3201,3,missed_emi,0
transaction,13435.57,37,SMA-1,0.6789,1,card_declined,0
transaction,8460.63,52,SMA-1,0.3706,3,card_declined,0
loan,17620.85,45,SMA-1,0.6041,2,missed_emi,0
loan,37899.63,27,SMA-0,0.4165,4,bank_downtime,0
transaction,5222.58,48,SMA-0,0.9028,0,insufficient_funds,1
transaction,3848.34,109,NPA,0.5285,2,bank_downtime,0
transaction,10831.76,16,SMA-0,0.8143,0,card_declined,0
transaction,6154.75,60,SMA-0,0.4032,2,otp_failure,0
transaction,12763.65,3,SMA-1,0.3614,3,insufficient_funds,0
transaction,2799.8,5,SMA-0,0.7414,2,otp_failure,1
transaction,13271.35,49,SMA-1,0.6757,0,insufficient_funds,0
loan,17748.34,8,SMA-0,0.9103,0,missed_emi,0
loan,5010.93,1,SMA-0,0.5845,2,missed_emi,0
loan,10712.12,13,SMA-0,0.5854,4,insufficient_funds,0
transaction,18705.5,50,SMA-2,0.9389,0,card_declined,0
loan,44030.96,67,SMA-2,0.6686,2,insufficient_funds,0
loan,15512.41,16,SMA-0,0.9817,1,missed_emi,1
loan,40026.74,62,SMA-2,0.8445,0,missed_emi,1
loan,32385.72,14,SMA-0,0.1892,3,insufficient_funds,0
loan,48690.71,56,SMA-1,0.966,2,missed_emi,0
transaction,7785.31,34,SMA-1,0.5653,4,insufficient_funds,0
transaction,13788.48,60,SMA-1,0.6573,1,insufficient_funds,0
loan,7859.11,119,NPA,0.3545,2,insufficient_funds,0
loan,22831.13,105,NPA,0.6234,2,missed_emi,0
loan,48371.79,0,Standard,0.576,2,insufficient_funds,0
transaction,11010.13,94,NPA,0.7317,0,card_declined,0
transaction,6113.65,5,Standard,0.4655,1,insufficient_funds,0
transaction,2845.28,108,NPA,0.5389,5,card_declined,0
loan,36658.78,22,SMA-0,0.4645,0,bank_downtime,0
transaction,13074.69,31,SMA-1,0.646,1,otp_failure,0
transaction,7791.8,7,SMA-0,0.3304,3,bank_downtime,0
transaction,19043.36,8,SMA-0,0.3556,2,insufficient_funds,0
transaction,932.95,70,SMA-2,0.9238,0,insufficient_funds,0
loan,18667.57,106,NPA,0.8521,0,missed_emi,0
loan,46448.13,55,SMA-1,0.5772,2,insufficient_funds,0
loan,19442.09,68,SMA-2,0.3064,4,insufficient_funds,0
transaction,5418.93,74,SMA-2,0.4789,2,card_declined,0
loan,29039.92,21,SMA-0,0.678,1,insufficient_funds,0
transaction,16564.13,3,Standard,0.4493,2,bank_downtime,0
loan,9641.6,0,Standard,0.4187,0,bank_downtime,1
transaction,18888.9,29,SMA-0,0.6042,0,insufficient_funds,0
transaction,16003.92,19,SMA-0,0.6681,2,card_declined,0
loan,13156.26,4,SMA-0,0.4821,1,insufficient_funds,1
loan,37040.36,14,SMA-0,0.96,0,missed_emi,1
transaction,8006.7,9,SMA-0,0.4479,3,card_declined,0
loan,23103.26,100,NPA,0.6489,1,insufficient_funds,0
transaction,15774.16,10,SMA-0,0.8774,0,card_declined,1
transaction,19274.3,47,SMA-1,0.5342,3,bank_downtime,0
transaction,2969.79,53,SMA-1,0.3457,4,insufficient_funds,0
transaction,8702.29,48,SMA-1,0.5749,3,otp_failure,0
transaction,9878.36,7,SMA-0,0.3979,3,bank_downtime,1
transaction,7838.08,26,SMA-0,0.0691,5,card_declined,0
transaction,7582.19,3,SMA-0,0.7657,2,bank_downtime,1
loan,7352.09,33,SMA-2,0.5437,2,insufficient_funds,0
transaction,13868.0,14,SMA-0,0.868,0,insufficient_funds,0
loan,24629.65,50,SMA-1,0.9355,0,insufficient_funds,0
transaction,4298.48,65,SMA-2,0.8905,0,card_declined,0
loan,41721.51,46,SMA-1,0.5953,2,missed_emi,0
transaction,16149.93,37,SMA-0,0.7829,1,card_declined,0
transaction,9984.64,32,SMA-1,0.3463,2,insufficient_funds,1
transaction,6319.79,87,SMA-2,0.2677,3,insufficient_funds,0
transaction,12942.81,17,Standard,0.6359,1,bank_downtime,1
transaction,6118.97,71,SMA-1,0.5826,2,insufficient_funds,0
loan,15620.36,74,SMA-2,0.6261,1,missed_emi,0
loan,37873.16,35,SMA-1,0.576,3,missed_emi,0
loan,6814.64,24,SMA-0,0.8896,0,insufficient_funds,0
loan,9264.58,40,SMA-1,0.6122,1,missed_emi,0
transaction,632.37,7,Standard,0.2763,3,otp_failure,0
transaction,3482.39,3,SMA-0,0.6957,2,otp_failure,1
transaction,1845.31,8,SMA-0,0.5469,2,insufficient_funds,1
transaction,19918.15,14,SMA-0,0.8199,1,insufficient_funds,0
transaction,6131.79,44,SMA-1,0.6885,0,bank_downtime,1
transaction,3410.73,88,SMA-2,0.7715,1,card_declined,0
transaction,5199.43,18,SMA-0,0.7758,0,card_declined,0
transaction,18754.45,104,NPA,0.8181,0,insufficient_funds,0
loan,28407.21,109,NPA,0.2436,3,missed_emi,0
loan,21416.81,109,SMA-2,0.3917,4,insufficient_funds,0
transaction,17531.13,86,SMA-2,0.7633,1,insufficient_funds,0
loan,22774.56,30,SMA-0,0.8397,0,insufficient_funds,0
loan,20075.39,5,SMA-0,0.4103,3,missed_emi,0
transaction,4542.01,50,SMA-1,0.6545,0,insufficient_funds,0
transaction,7867.04,49,SMA-1,0.3351,3,card_declined,0
transaction,6675.34,88,SMA-2,0.7584,1,card_declined,1
loan,35478.68,119,NPA,0.6327,1,insufficient_funds,0
loan,18031.22,44,SMA-1,0.2877,3,insufficient_funds,0
transaction,11755.4,28,SMA-0,0.585,1,insufficient_funds,0
transaction,1784.9,14,SMA-0,0.9227,0,otp_failure,0
transaction,4230.14,0,Standard,0.2848,4,bank_downtime,1
transaction,8444.4,44,SMA-1,0.4709,4,otp_failure,0
transaction,18770.51,49,SMA-2,0.9043,0,otp_failure,0
loan,21976.34,84,SMA-2,0.5106,2,missed_emi,0
loan,34883.34,44,SMA-1,0.6572,1,insufficient_funds,0
loan,16478.93,100,NPA,0.6473,1,bank_downtime,0
loan,10716.51,57,SMA-1,0.5524,3,missed_emi,0
loan,7634.15,86,SMA-2,0.5468,2,bank_downtime,0
transaction,6455.56,11,SMA-0,0.7531,2,bank_downtime,1
loan,12094.75,89,SMA-2,0.4309,2,missed_emi,0
transaction,3893.2,63,SMA-2,0.4411,2,otp_failure,0
loan,39234.17,13,SMA-0,0.8097,0,missed_emi,0
transaction,808.84,15,SMA-0,0.5236,3,insufficient_funds,1
loan,30101.46,102,NPA,0.8087,3,missed_emi,0
transaction,7899.5,2,SMA-0,0.529,2,otp_failure,1
transaction,10377.72,39,SMA-1,0.6553,0,bank_downtime,1
transaction,11475.19,25,SMA-0,0.9499,3,insufficient_funds,0
transaction,6610.67,62,SMA-2,0.2662,3,insufficient_funds,0
loan,18279.9,86,SMA-2,0.3487,3,missed_emi,0
loan,38003.08,29,SMA-0,0.438,1,insufficient_funds,0
transaction,17489.9,36,SMA-1,0.6055,0,card_declined,0
transaction,4255.34,115,NPA,0.3281,2,card_declined,0
transaction,2403.57,78,SMA-2,0.8395,0,otp_failure,0
transaction,18007.02,96,NPA,0.8686,0,insufficient_funds,0
transaction,7322.96,37,SMA-1,0.7541,1,insufficient_funds,1
loan,29809.28,18,SMA-0,0.6493,1,missed_emi,0
transaction,7511.09,34,SMA-1,0.9494,0,card_declined,0
transaction,2953.15,68,SMA-2,0.9052,1,card_declined,0
transaction,11991.97,8,SMA-0,0.8355,2,otp_failure,0
transaction,10740.25,21,SMA-0,0.9549,0,bank_downtime,1
transaction,4458.37,3,SMA-0,0.3693,2,card_declined,0
loan,25334.11,36,SMA-1,0.2781,3,missed_emi,0
transaction,16040.48,84,SMA-2,0.4481,0,bank_downtime,0
transaction,12013.31,1,SMA-0,0.2362,4,otp_failure,0
transaction,2389.89,63,SMA-2,0.5194,1,card_declined,0
transaction,11186.42,103,NPA,0.3399,3,insufficient_funds,0
transaction,14203.4,18,SMA-0,0.7439,0,bank_downtime,0
loan,40671.65,65,SMA-2,0.6635,1,insufficient_funds,1
loan,33310.29,113,NPA,0.3621,1,insufficient_funds,0
transaction,3476.83,110,NPA,0.6926,2,card_declined,0
transaction,14348.38,18,SMA-0,0.8759,3,insufficient_funds,0
transaction,13708.17,7,SMA-0,0.7446,1,insufficient_funds,0
transaction,976.32,11,SMA-0,0.8971,0,card_declined,1
loan,23528.65,66,SMA-2,0.6149,1,missed_emi,0
loan,19982.76,69,SMA-2,0.7328,1,missed_emi,0
transaction,13553.54,63,SMA-2,0.6133,0,insufficient_funds,0
transaction,4714.65,27,SMA-0,0.8613,1,bank_downtime,1
transaction,12022.0,13,SMA-0,0.3949,2,insufficient_funds,0
loan,46094.27,52,SMA-1,0.6953,0,missed_emi,0
loan,40901.11,41,SMA-1,0.9334,0,insufficient_funds,0
transaction,18468.43,70,SMA-2,0.7329,0,card_declined,0
transaction,19580.87,37,SMA-1,0.6566,1,insufficient_funds,1
loan,5480.16,27,SMA-0,0.4751,1,bank_downtime,1
transaction,12643.45,23,SMA-0,0.216,4,card_declined,0
transaction,8550.37,16,SMA-0,0.2275,3,bank_downtime,1
transaction,17267.16,21,SMA-0,0.6607,1,card_declined,1
loan,16331.66,7,SMA-0,0.4214,1,insufficient_funds,0
transaction,19630.08,28,SMA-0,0.8854,0,card_declined,0
transaction,12467.31,2,SMA-0,0.633,1,otp_failure,1
loan,40709.18,14,SMA-0,0.2941,2,insufficient_funds,0
transaction,2169.19,72,SMA-2,0.8937,0,card_declined,0
transaction,4077.43,26,SMA-0,0.5392,2,bank_downtime,0
transaction,15288.87,62,SMA-2,0.8307,0,card_declined,0
transaction,928.74,68,NPA,0.6828,2,card_declined,0
loan,41759.51,52,SMA-1,0.341,5,insufficient_funds,0
transaction,772.01,109,NPA,0.8236,0,otp_failure,1
transaction,13313.82,1,SMA-0,0.6293,3,card_declined,0
transaction,7619.33,71,SMA-2,0.6014,2,otp_failure,0
loan,32517.27,109,NPA,0.4966,1,insufficient_funds,0
loan,36321.41,90,SMA-2,0.6518,0,insufficient_funds,0
transaction,7178.27,13,SMA-0,0.6429,1,otp_failure,0
transaction,2605.27,26,SMA-0,0.4903,2,insufficient_funds,0
loan,8134.06,13,SMA-0,0.9292,0,insufficient_funds,0
transaction,11984.25,54,SMA-1,0.7168,1,insufficient_funds,0
loan,28429.49,68,SMA-2,0.5247,2,insufficient_funds,0
loan,38399.05,26,SMA-0,0.2567,3,missed_emi,0
loan,27938.1,47,SMA-1,0.9238,0,missed_emi,0
transaction,8737.69,65,SMA-2,0.4662,2,card_declined,0
transaction,8262.7,35,SMA-1,0.6151,3,otp_failure,0
loan,6190.11,89,SMA-2,0.7027,2,missed_emi,0
transaction,7043.37,76,NPA,0.6544,1,card_declined,0
transaction,19532.39,4,SMA-0,0.1188,2,insufficient_funds,0
loan,44310.0,56,SMA-1,0.8584,0,bank_downtime,0
loan,19822.01,18,SMA-0,0.545,4,insufficient_funds,0
transaction,11962.01,49,SMA-0,0.6756,2,insufficient_funds,0
transaction,17022.29,109,NPA,0.7423,1,otp_failure,0
transaction,9104.85,93,NPA,0.4397,1,bank_downtime,0
loan,5808.1,34,SMA-2,0.4525,2,missed_emi,0
loan,8352.97,23,SMA-0,0.3623,4,insufficient_funds,0
transaction,10452.66,18,SMA-0,0.2883,5,bank_downtime,0
transaction,19404.07,47,SMA-0,0.2369,3,insufficient_funds,0
loan,36194.43,8,SMA-0,0.4617,2,bank_downtime,0
transaction,1882.87,48,SMA-1,0.4153,2,card_declined,0
transaction,4192.54,0,Standard,0.6219,3,card_declined,1
loan,39709.54,26,SMA-0,0.5086,2,insufficient_funds,0
transaction,16908.08,17,SMA-0,0.3336,2,insufficient_funds,1
loan,32796.26,112,NPA,0.2778,3,insufficient_funds,0
transaction,13066.25,70,NPA,0.5759,3,otp_failure,0
transaction,1052.58,28,SMA-0,0.6015,1,otp_failure,0
loan,42283.86,7,SMA-0,0.6179,1,missed_emi,1
transaction,15871.37,45,SMA-1,0.5161,3,card_declined,0
loan,16656.58,16,SMA-0,0.2545,3,insufficient_funds,0
transaction,14319.2,47,SMA-1,0.4391,0,otp_failure,0
transaction,4689.66,86,SMA-1,0.5795,2,card_declined,0
transaction,1286.44,56,SMA-1,0.8284,0,insufficient_funds,1
transaction,4422.16,58,SMA-1,0.7236,3,insufficient_funds,0
transaction,3983.26,47,SMA-1,0.5771,4,otp_failure,0
transaction,7086.09,102,NPA,0.6257,1,card_declined,0
transaction,8659.77,103,NPA,0.7544,4,card_declined,0
transaction,10416.51,44,SMA-1,0.8136,0,bank_downtime,1
loan,26453.92,24,SMA-0,0.4246,2,insufficient_funds,0
loan,17180.36,39,SMA-0,0.8538,0,missed_emi,0
loan,6312.68,14,SMA-0,0.734,0,insufficient_funds,1
transaction,12299.48,58,SMA-1,0.5142,3,insufficient_funds,0
transaction,8217.02,43,SMA-2,0.3023,4,insufficient_funds,0
loan,18440.25,7,SMA-0,0.4349,2,missed_emi,0
transaction,17405.35,15,SMA-0,0.8431,0,otp_failure,1
transaction,15061.49,41,SMA-2,0.6145,1,otp_failure,0
loan,43599.45,95,NPA,0.5384,3,missed_emi,0
loan,27274.23,50,SMA-1,0.8936,0,missed_emi,0
transaction,3053.16,64,SMA-2,0.2739,3,insufficient_funds,0
transaction,14076.32,28,SMA-0,0.6322,2,card_declined,0
loan,14273.32,51,SMA-1,0.9444,2,missed_emi,0
transaction,9103.98,38,SMA-1,0.1934,2,card_declined,0
loan,7925.04,61,SMA-2,0.5999,3,insufficient_funds,0
loan,42138.88,3,SMA-0,0.3963,3,missed_emi,0
loan,10667.33,42,SMA-1,0.8603,0,missed_emi,1
transaction,18110.4,24,SMA-0,0.851,1,insufficient_funds,0
transaction,17352.5,26,SMA-0,0.2755,3,bank_downtime,0
loan,25906.22,110,NPA,0.6553,0,bank_downtime,0
loan,38496.57,14,SMA-0,0.6183,1,missed_emi,0
loan,32875.03,25,SMA-0,0.1927,4,missed_emi,0
transaction,16159.98,44,SMA-1,0.5088,1,card_declined,0
transaction,8920.2,90,SMA-2,0.892,0,otp_failure,1
loan,40361.38,35,SMA-1,0.6977,0,insufficient_funds,0
loan,25810.56,72,NPA,0.8018,0,bank_downtime,0
loan,47343.46,89,SMA-2,0.5312,1,bank_downtime,1
loan,26886.74,25,SMA-0,0.7259,1,missed_emi,0
transaction,9521.08,33,SMA-1,0.5061,1,otp_failure,0
loan,40328.23,29,SMA-0,0.7848,1,missed_emi,0
loan,41971.0,85,SMA-2,0.7129,1,bank_downtime,0
transaction,11312.54,3,SMA-0,0.7602,2,bank_downtime,1
loan,13090.9,25,SMA-0,0.5902,2,insufficient_funds,0
transaction,9621.29,63,SMA-2,0.6238,0,card_declined,0
transaction,19377.41,50,SMA-1,0.4244,4,insufficient_funds,1
loan,38884.38,37,SMA-0,0.6067,2,missed_emi,0
transaction,16317.67,47,SMA-1,0.324,3,otp_failure,0
transaction,1140.1,15,SMA-0,0.8047,0,otp_failure,1
transaction,9623.26,36,SMA-2,0.3255,2,card_declined,0
transaction,13109.11,43,SMA-1,0.7099,3,insufficient_funds,1
transaction,16685.64,97,NPA,0.7173,0,insufficient_funds,0
transaction,1460.84,21,Standard,0.4522,2,bank_downtime,1
loan,43359.75,91,NPA,0.6453,1,insufficient_funds,0
transaction,11193.82,59,SMA-0,0.1726,5,bank_downtime,1
transaction,4347.62,1,SMA-0,0.8573,0,insufficient_funds,0
transaction,6686.48,69,SMA-2,0.5871,2,insufficient_funds,0
loan,17686.83,2,SMA-0,0.7756,2,missed_emi,0
transaction,10851.75,120,NPA,0.5828,0,insufficient_funds,0
loan,7325.86,92,NPA,0.6338,0,insufficient_funds,0
loan,12134.13,24,SMA-0,0.4518,1,bank_downtime,1
loan,41571.19,20,SMA-0,0.6675,0,insufficient_funds,0
transaction,3085.78,31,SMA-1,0.2681,0,bank_downtime,1
loan,15502.83,29,SMA-0,0.753,1,insufficient_funds,1
transaction,9340.73,31,SMA-1,0.6901,2,bank_downtime,1
loan,28270.44,26,SMA-0,0.9472,3,bank_downtime,1
loan,39362.47,56,SMA-1,0.4232,2,insufficient_funds,0
transaction,9222.98,12,Standard,0.5805,2,otp_failure,1
transaction,15902.36,87,SMA-2,0.9068,1,card_declined,0
transaction,12557.75,82,SMA-2,0.5248,3,card_declined,0
loan,10089.49,41,SMA-1,0.6456,1,bank_downtime,0
transaction,3548.46,88,SMA-2,0.7942,1,bank_downtime,1
transaction,9022.16,19,SMA-0,0.4421,3,card_declined,1
transaction,8239.34,1,SMA-0,0.8332,0,otp_failure,1
loan,38459.49,56,SMA-2,0.8628,0,missed_emi,0
loan,31133.17,39,SMA-1,0.8311,1,insufficient_funds,1
loan,22465.99,50,SMA-2,0.4243,2,bank_downtime,0
loan,12684.21,97,NPA,0.7182,1,missed_emi,0
transaction,4923.32,112,NPA,0.5158,2,card_declined,0
transaction,11722.27,58,SMA-1,0.5748,3,otp_failure,0
loan,24054.75,75,SMA-2,0.5666,3,missed_emi,0
transaction,10541.09,6,SMA-0,0.4006,2,insufficient_funds,0
transaction,3828.21,12,SMA-0,0.4629,0,otp_failure,1
transaction,13426.67,70,NPA,0.3392,3,otp_failure,0
transaction,17124.51,36,SMA-1,0.3822,4,card_declined,0
transaction,5529.82,38,SMA-1,0.3431,2,otp_failure,0
loan,27118.14,25,SMA-0,0.9181,0,insufficient_funds,0
transaction,19522.78,55,SMA-1,0.697,1,insufficient_funds,0
transaction,6998.21,14,SMA-0,0.5657,0,otp_failure,1
transaction,12103.4,57,SMA-1,0.8437,2,bank_downtime,0
loan,9058.81,13,SMA-0,0.5068,1,insufficient_funds,0
transaction,12317.29,4,SMA-0,0.6849,2,insufficient_funds,0
loan,9033.43,27,SMA-1,0.5798,2,missed_emi,0
loan,48165.59,18,SMA-0,0.7127,1,insufficient_funds,0
transaction,14455.42,95,NPA,0.7569,3,otp_failure,0
loan,40467.19,4,SMA-0,0.5932,2,missed_emi,0
loan,36684.7,13,SMA-0,0.3281,3,missed_emi,0
loan,31537.81,48,SMA-1,0.5897,3,missed_emi,0
loan,25246.08,41,SMA-1,0.2736,3,insufficient_funds,0
transaction,17238.28,3,SMA-0,0.777,1,otp_failure,1
transaction,19158.3,0,Standard,0.8858,0,insufficient_funds,1
transaction,10231.21,117,NPA,0.7553,2,card_declined,0
transaction,18664.93,61,SMA-2,0.5665,2,otp_failure,0
loan,31249.98,30,SMA-1,0.7591,1,bank_downtime,0
transaction,10998.49,40,SMA-1,0.5929,3,insufficient_funds,0
loan,25451.72,21,SMA-0,0.6069,1,insufficient_funds,1
loan,14417.95,28,SMA-0,0.6826,1,insufficient_funds,0
loan,5167.38,60,SMA-0,0.6476,0,missed_emi,1
loan,15867.78,94,NPA,0.3573,4,missed_emi,0
transaction,10439.6,14,SMA-0,0.8056,2,bank_downtime,0
transaction,7909.22,86,SMA-2,0.9405,0,bank_downtime,1
transaction,9245.46,9,SMA-0,0.532,2,insufficient_funds,1
transaction,19622.64,17,SMA-1,0.9385,0,bank_downtime,1
transaction,7330.31,2,Standard,0.5783,2,otp_failure,0
transaction,9317.57,10,SMA-1,0.6785,1,bank_downtime,1
loan,11008.2,100,NPA,0.7113,0,bank_downtime,0
transaction,1435.18,39,SMA-0,0.3721,4,otp_failure,0
transaction,15620.49,5,SMA-0,0.6323,0,card_declined,1
loan,30680.74,110,NPA,0.873,1,bank_downtime,0
transaction,15333.74,93,NPA,0.4938,2,card_declined,0
transaction,3422.32,73,NPA,0.8686,0,otp_failure,0
loan,30732.29,104,NPA,0.9487,0,missed_emi,0
loan,16413.91,17,SMA-0,0.5948,3,missed_emi,0
loan,15262.78,86,SMA-2,0.6964,2,insufficient_funds,0
transaction,724.76,65,SMA-2,0.7204,1,card_declined,0
loan,10865.33,91,NPA,0.557,2,insufficient_funds,0
loan,18917.07,80,SMA-2,0.4365,3,bank_downtime,0
transaction,2779.14,28,SMA-0,0.8473,1,insufficient_funds,0
loan,49363.63,76,SMA-2,0.6747,2,missed_emi,0
loan,18888.47,21,SMA-0,0.3796,2,bank_downtime,0
transaction,3041.32,27,SMA-0,0.7539,2,card_declined,0
transaction,4382.11,8,Standard,0.5978,2,bank_downtime,0
loan,31446.65,104,NPA,0.5897,2,missed_emi,0
loan,7881.96,23,SMA-0,0.9174,0,insufficient_funds,0
transaction,17317.47,45,SMA-1,0.2464,2,otp_failure,0
loan,48267.49,32,SMA-1,0.9499,0,missed_emi,1
transaction,5311.57,110,NPA,0.1297,1,card_declined,0
transaction,9276.86,27,SMA-0,0.8901,0,insufficient_funds,0
transaction,931.62,77,SMA-2,0.3348,3,otp_failure,0
loan,33831.96,89,SMA-2,0.6035,3,insufficient_funds,0
loan,23626.67,37,SMA-1,0.56,1,missed_emi,0
transaction,5766.14,31,SMA-1,0.3682,3,otp_failure,0
transaction,4533.32,72,SMA-2,0.5922,2,otp_failure,0
transaction,13253.45,99,SMA-2,0.4096,1,bank_downtime,0
loan,23729.77,73,SMA-2,0.8438,0,insufficient_funds,0
loan,13084.67,18,SMA-0,0.3143,3,missed_emi,0
loan,36009.91,95,NPA,0.8019,0,missed_emi,0
loan,30428.25,32,SMA-1,0.801,1,insufficient_funds,0
loan,43640.24,51,SMA-1,0.6123,5,missed_emi,0
transaction,2790.78,85,SMA-2,0.6463,2,bank_downtime,0
transaction,15820.5,14,SMA-0,0.7904,1,otp_failure,1
transaction,13633.58,78,SMA-2,0.9124,1,card_declined,0
loan,10175.49,54,SMA-1,0.7348,1,insufficient_funds,0
loan,36266.93,96,NPA,0.46,2,missed_emi,0
transaction,9110.17,13,SMA-0,0.4882,4,bank_downtime,0
loan,47524.32,35,SMA-0,0.4385,2,missed_emi,0
transaction,3261.42,85,SMA-2,0.5488,2,card_declined,0
transaction,13035.25,1,SMA-0,0.7225,0,card_declined,1
loan,22189.1,8,SMA-0,0.8069,1,missed_emi,0
loan,48056.66,118,NPA,0.4363,3,bank_downtime,0
loan,19848.87,22,SMA-0,0.4531,2,missed_emi,0
transaction,19262.63,114,NPA,0.6789,1,insufficient_funds,0
transaction,18078.97,14,SMA-0,0.363,1,otp_failure,1
loan,17167.25,30,SMA-0,0.463,0,missed_emi,0
transaction,16169.06,73,SMA-2,0.4536,2,insufficient_funds,0
transaction,19914.28,61,SMA-2,0.8339,0,card_declined,0
loan,16369.84,52,SMA-1,0.6035,3,bank_downtime,0
transaction,9017.15,46,SMA-1,0.6199,2,insufficient_funds,0
loan,28408.13,87,SMA-2,0.8721,0,insufficient_funds,0
loan,18271.9,18,SMA-0,0.4331,2,insufficient_funds,0
transaction,797.66,37,SMA-1,0.5356,2,insufficient_funds,1
transaction,4792.52,12,SMA-0,0.6653,0,card_declined,1
loan,17687.16,54,SMA-1,0.4064,0,insufficient_funds,0
loan,24961.99,20,SMA-0,0.3095,3,bank_downtime,1
loan,12699.61,27,SMA-0,0.4269,4,insufficient_funds,0
loan,44296.45,40,SMA-0,0.3533,4,missed_emi,0
loan,36721.0,2,SMA-0,0.6367,2,insufficient_funds,0
loan,8834.02,7,SMA-0,0.8118,0,missed_emi,1
transaction,13176.8,64,SMA-2,0.5176,3,insufficient_funds,0
transaction,13246.3,36,SMA-1,0.7789,1,card_declined,1
transaction,19146.31,90,SMA-2,0.5171,1,otp_failure,0
transaction,558.91,65,SMA-2,0.3484,3,bank_downtime,0
transaction,5334.68,0,SMA-0,0.4654,4,otp_failure,1
transaction,18591.93,56,SMA-0,0.547,0,card_declined,1
loan,46946.03,7,SMA-0,0.3482,2,missed_emi,1
transaction,14551.44,77,SMA-2,0.9664,0,otp_failure,1
transaction,15432.38,118,NPA,0.2832,2,otp_failure,0
transaction,2283.92,46,SMA-1,0.4984,1,otp_failure,0
transaction,10520.58,64,SMA-2,0.8033,0,insufficient_funds,0
transaction,5015.87,19,SMA-0,0.4654,4,bank_downtime,0
transaction,4033.75,37,SMA-1,0.7188,2,otp_failure,0
transaction,16300.91,89,SMA-1,0.301,5,card_declined,0
loan,11076.72,13,SMA-0,0.3704,2,missed_emi,0
loan,26089.32,21,SMA-0,0.6762,0,missed_emi,0
loan,47236.02,38,SMA-1,0.6021,0,insufficient_funds,0
loan,13362.44,68,SMA-2,0.5695,4,insufficient_funds,1
transaction,19570.87,31,SMA-0,0.465,1,insufficient_funds,0
loan,49742.96,102,SMA-2,0.473,2,bank_downtime,0
loan,30002.77,7,SMA-0,0.6883,1,missed_emi,0
transaction,3817.78,30,SMA-0,0.8758,0,bank_downtime,1
loan,19224.72,67,SMA-2,0.7165,0,missed_emi,0
transaction,8777.61,18,SMA-0,0.9252,1,insufficient_funds,1
loan,18919.59,61,SMA-2,0.7744,0,bank_downtime,0
loan,17628.6,12,SMA-0,0.7017,1,insufficient_funds,1
transaction,19458.48,4,SMA-0,0.5088,2,bank_downtime,1
loan,11901.42,9,SMA-0,0.6703,1,insufficient_funds,1
loan,37999.76,103,NPA,0.2272,3,insufficient_funds,0
loan,5018.46,49,SMA-1,0.2438,5,insufficient_funds,0
transaction,12125.56,79,SMA-2,0.8217,0,insufficient_funds,0
loan,46217.44,27,SMA-0,0.357,2,missed_emi,0
transaction,6114.71,53,SMA-1,0.6812,1,insufficient_funds,0
transaction,4117.76,43,SMA-1,0.8807,0,card_declined,0
transaction,13207.76,106,NPA,0.4248,3,otp_failure,0
loan,37067.06,72,SMA-1,0.775,3,insufficient_funds,0
loan,35961.37,70,SMA-1,0.5755,3,bank_downtime,0
loan,19369.26,3,SMA-0,0.7782,1,bank_downtime,1
loan,16349.11,48,SMA-1,0.6217,1,missed_emi,0
transaction,19140.42,40,SMA-1,0.8439,2,card_declined,0
transaction,18504.34,102,NPA,0.6928,1,bank_downtime,0
transaction,9417.67,20,SMA-0,0.2283,4,otp_failure,0
transaction,17000.78,21,SMA-0,0.652,4,insufficient_funds,0
transaction,9320.31,34,SMA-1,0.5422,2,card_declined,0
transaction,8775.59,19,SMA-0,0.1681,4,otp_failure,1
transaction,3556.88,10,SMA-0,0.9245,1,insufficient_funds,1
transaction,8814.92,89,NPA,0.4757,1,card_declined,0
transaction,10979.63,49,SMA-1,0.7829,1,otp_failure,1
transaction,938.83,90,SMA-1,0.6143,1,otp_failure,0
loan,24985.09,85,SMA-2,0.1225,3,insufficient_funds,0
loan,40161.03,22,SMA-0,0.7022,1,insufficient_funds,0
loan,35602.07,48,SMA-1,0.8586,0,missed_emi,0
transaction,12885.56,6,SMA-0,0.7334,2,insufficient_funds,0
transaction,18236.33,100,NPA,0.4873,3,card_declined,0
loan,5811.44,34,SMA-1,0.6576,1,bank_downtime,1
transaction,11362.43,33,SMA-1,0.8345,1,otp_failure,0
transaction,15853.3,24,SMA-0,0.5377,2,insufficient_funds,0
transaction,11056.04,39,SMA-1,0.6389,1,bank_downtime,1
transaction,6815.96,20,SMA-0,0.7567,2,card_declined,1
transaction,3156.89,31,SMA-1,0.2093,2,insufficient_funds,0
transaction,17807.48,80,SMA-1,0.4701,2,card_declined,0
loan,26184.31,85,SMA-2,0.2078,3,insufficient_funds,0
transaction,17623.25,24,SMA-0,0.6932,2,insufficient_funds,1
transaction,11924.12,40,SMA-1,0.8465,1,otp_failure,1
loan,35338.65,92,SMA-2,0.8756,1,missed_emi,0
transaction,16183.09,4,SMA-0,0.4064,2,insufficient_funds,0
transaction,13353.53,95,NPA,0.5912,2,card_declined,0
loan,22912.47,17,SMA-0,0.9002,0,missed_emi,0
transaction,10515.85,63,SMA-2,0.5853,2,insufficient_funds,0
transaction,16159.39,52,SMA-1,0.3711,3,card_declined,0
transaction,7786.18,49,SMA-1,0.4697,2,card_declined,0
transaction,8068.37,90,SMA-1,0.819,0,card_declined,0
transaction,2365.96,7,SMA-0,0.7077,0,insufficient_funds,0
loan,46156.3,28,Standard,0.3762,1,insufficient_funds,0
transaction,2275.21,47,SMA-0,0.8359,1,otp_failure,0
transaction,13140.08,82,SMA-2,0.4753,3,otp_failure,0
transaction,8557.29,17,SMA-0,0.6495,2,card_declined,1
transaction,8409.58,80,SMA-2,0.7189,2,insufficient_funds,0
loan,35579.83,33,SMA-2,0.8185,0,missed_emi,0
transaction,1808.33,14,SMA-0,0.6741,1,otp_failure,1
transaction,12077.26,74,SMA-2,0.2125,4,card_declined,0
transaction,15554.62,7,SMA-0,0.1581,4,bank_downtime,0
transaction,16650.15,45,SMA-2,0.7925,0,insufficient_funds,0
transaction,3825.34,4,SMA-0,0.6442,1,insufficient_funds,1
loan,45383.86,29,SMA-0,0.8491,0,insufficient_funds,0
transaction,13294.85,54,SMA-1,0.6729,1,card_declined,0
transaction,17696.17,49,SMA-1,0.8074,0,card_declined,0
transaction,9962.97,34,SMA-1,0.2161,4,card_declined,0
loan,29391.5,36,SMA-0,0.7524,1,insufficient_funds,0
transaction,18421.25,18,SMA-0,0.6955,1,bank_downtime,1
loan,45495.93,39,SMA-1,0.6781,1,missed_emi,0
loan,25167.24,108,NPA,0.8438,1,missed_emi,0
loan,17348.57,88,SMA-2,0.562,2,insufficient_funds,0
transaction,8166.82,11,SMA-0,0.2732,3,card_declined,0
transaction,8061.4,2,SMA-0,0.4745,2,otp_failure,0
loan,17909.01,104,NPA,0.4494,2,insufficient_funds,0
loan,17086.08,46,SMA-1,0.7016,0,bank_downtime,1
loan,43747.83,47,SMA-1,0.7137,2,bank_downtime,0
transaction,1862.31,77,SMA-2,0.8552,0,card_declined,0
transaction,13713.42,25,SMA-0,0.4058,1,otp_failure,1
transaction,3869.99,41,SMA-1,0.7368,1,insufficient_funds,1
loan,20502.77,112,NPA,0.4232,2,missed_emi,0
transaction,1700.09,63,SMA-2,0.4977,2,otp_failure,1
transaction,5764.49,12,SMA-0,0.6752,0,insufficient_funds,0
loan,39578.95,10,SMA-0,0.8447,0,missed_emi,1
transaction,17757.8,16,SMA-0,0.6484,2,bank_downtime,0
loan,14968.72,75,SMA-2,0.7277,2,missed_emi,0
transaction,9539.18,24,SMA-0,0.6296,2,bank_downtime,0
transaction,9671.32,1,SMA-0,0.7394,1,card_declined,1
transaction,17534.72,106,NPA,0.6688,2,card_declined,0
loan,39325.96,13,SMA-0,0.6217,1,bank_downtime,0
transaction,10505.01,0,Standard,0.4931,2,card_declined,1
transaction,13579.57,19,SMA-0,0.946,1,insufficient_funds,0
loan,43130.98,18,SMA-0,0.4969,1,insufficient_funds,0
transaction,686.01,35,SMA-1,0.6738,1,card_declined,0
transaction,8356.36,101,NPA,0.875,1,card_declined,0
transaction,18191.24,93,NPA,0.2955,3,card_declined,0
transaction,14936.1,39,SMA-1,0.4428,2,insufficient_funds,0
loan,29427.86,34,SMA-0,0.6127,1,bank_downtime,1
transaction,10828.07,49,SMA-1,0.7116,0,insufficient_funds,0
transaction,7281.52,19,SMA-0,0.5245,0,bank_downtime,1
transaction,10650.15,3,SMA-0,0.7077,3,insufficient_funds,0
loan,34492.24,105,NPA,0.7262,3,bank_downtime,0
transaction,8658.08,14,SMA-0,0.7818,1,bank_downtime,1
transaction,14425.99,15,SMA-0,0.2917,2,card_declined,1
transaction,17294.03,40,SMA-1,0.5341,0,insufficient_funds,0
transaction,3516.35,42,SMA-1,0.4451,1,otp_failure,0
transaction,9305.17,1,SMA-0,0.8199,0,bank_downtime,1
transaction,8456.39,11,SMA-0,0.7384,1,otp_failure,1
loan,35935.92,31,SMA-1,0.8259,1,insufficient_funds,0
transaction,5372.42,64,SMA-2,0.503,3,otp_failure,0
loan,33811.29,18,Standard,0.4328,1,insufficient_funds,0
loan,44487.02,35,SMA-1,0.6355,1,insufficient_funds,0
transaction,8653.57,49,SMA-0,0.8164,0,insufficient_funds,0
transaction,18264.81,95,NPA,0.3821,2,card_declined,0
transaction,19866.69,26,SMA-0,0.7545,2,bank_downtime,1
loan,9774.14,10,SMA-0,0.7145,0,bank_downtime,1
transaction,5044.54,42,SMA-1,0.6763,0,otp_failure,1
transaction,19032.41,72,SMA-2,0.5212,1,insufficient_funds,0
transaction,19187.39,8,SMA-0,0.6562,3,insufficient_funds,1
loan,9396.83,36,SMA-0,0.8051,1,bank_downtime,1
loan,5674.93,1,SMA-0,0.8966,0,missed_emi,1
transaction,3641.45,2,SMA-0,0.5129,3,otp_failure,1
loan,49820.58,41,SMA-1,0.8249,0,bank_downtime,0
transaction,4009.99,24,SMA-0,0.5005,4,card_declined,1
transaction,10299.68,87,SMA-2,0.4707,2,card_declined,0
loan,43178.8,54,SMA-1,0.5851,2,missed_emi,0
transaction,897.83,38,SMA-2,0.5394,3,otp_failure,0
transaction,12287.54,34,SMA-1,0.89,1,otp_failure,1
transaction,5902.0,43,SMA-1,0.5218,3,insufficient_funds,0
loan,43805.07,3,SMA-0,0.4319,3,insufficient_funds,0
loan,17755.75,96,SMA-2,0.8514,0,insufficient_funds,0
loan,35904.01,120,NPA,0.3273,2,bank_downtime,0
loan,35339.88,14,Standard,0.9121,0,missed_emi,0
transaction,4819.12,9,SMA-0,0.2496,2,insufficient_funds,1
transaction,1178.58,11,SMA-0,0.7128,1,otp_failure,1
transaction,8480.37,61,SMA-2,0.7435,0,otp_failure,0
transaction,6139.27,61,SMA-2,0.5925,2,insufficient_funds,0
transaction,16275.07,88,SMA-2,0.8578,1,insufficient_funds,0
loan,41016.39,73,SMA-2,0.4522,3,missed_emi,0
transaction,9411.97,38,SMA-1,0.7756,0,insufficient_funds,1
transaction,12326.99,55,SMA-1,0.4952,0,insufficient_funds,1
transaction,12283.06,65,SMA-2,0.1982,3,card_declined,0
transaction,16629.58,44,SMA-0,0.276,4,otp_failure,0
loan,24125.11,41,SMA-1,0.9314,0,bank_downtime,1
transaction,5871.21,59,SMA-1,0.4711,5,otp_failure,0
transaction,5668.18,49,SMA-1,0.3797,4,insufficient_funds,0
loan,29128.65,59,SMA-1,0.7479,2,missed_emi,0
transaction,9258.39,55,SMA-1,0.7645,0,card_declined,1
transaction,9082.36,69,SMA-2,0.6259,1,insufficient_funds,1
transaction,2277.18,59,SMA-1,0.8528,4,insufficient_funds,0
transaction,14512.77,45,SMA-1,0.4549,1,bank_downtime,0
loan,14618.15,64,SMA-2,0.8409,0,insufficient_funds,0
loan,13862.91,38,SMA-1,0.3688,3,insufficient_funds,0
transaction,8548.79,19,SMA-0,0.6749,1,insufficient_funds,1
loan,15250.03,0,SMA-0,0.2759,4,insufficient_funds,0
transaction,11885.24,50,SMA-1,0.7351,1,card_declined,0
transaction,7743.54,53,SMA-1,0.3175,4,insufficient_funds,0
transaction,9253.78,113,NPA,0.113,4,insufficient_funds,0
transaction,10974.8,30,SMA-0,0.353,3,insufficient_funds,1
transaction,4468.94,33,SMA-1,0.9068,1,insufficient_funds,1
loan,12008.82,16,SMA-0,0.6877,4,insufficient_funds,0
loan,44618.99,5,SMA-1,0.8805,3,insufficient_funds,0
transaction,8957.61,76,SMA-2,0.3656,4,card_declined,0
transaction,8535.83,20,Standard,0.5279,2,card_declined,1
transaction,1194.44,55,SMA-1,0.4389,1,otp_failure,0
transaction,10210.54,65,SMA-2,0.5103,0,card_declined,0
transaction,11306.31,40,SMA-1,0.7593,1,card_declined,0
transaction,11397.4,93,NPA,0.7257,1,card_declined,0
loan,36816.4,37,SMA-1,0.8595,0,missed_emi,0
transaction,3960.9,23,SMA-1,0.6401,1,insufficient_funds,1
transaction,5418.35,96,SMA-2,0.9158,0,card_declined,0
transaction,16309.24,90,NPA,0.7514,1,card_declined,0
transaction,18969.83,12,SMA-0,0.5633,1,otp_failure,0
transaction,3150.69,1,SMA-1,0.3086,3,otp_failure,0
loan,27394.23,6,SMA-0,0.7972,1,missed_emi,0
transaction,4676.44,23,Standard,0.3245,3,card_declined,0
loan,7703.29,113,NPA,0.5824,3,insufficient_funds,0
transaction,6847.32,49,SMA-1,0.8361,0,bank_downtime,1
transaction,3301.91,31,SMA-2,0.4631,5,card_declined,0
transaction,14343.69,95,SMA-2,0.6908,1,insufficient_funds,0
loan,29017.64,38,SMA-1,0.6157,0,missed_emi,0
transaction,3304.77,25,SMA-0,0.4382,2,insufficient_funds,0
loan,5415.87,105,NPA,0.7044,2,missed_emi,0
transaction,16259.06,88,SMA-2,0.7999,1,insufficient_funds,0
loan,12928.75,87,SMA-2,0.1648,3,missed_emi,0
transaction,12321.22,44,SMA-1,0.3777,5,bank_downtime,0
loan,20161.49,78,SMA-2,0.7538,2,missed_emi,0
transaction,11916.98,14,SMA-0,0.4494,3,insufficient_funds,1
loan,19204.41,51,SMA-1,0.2074,4,missed_emi,0
transaction,2195.32,116,NPA,0.6481,2,otp_failure,0
transaction,4847.53,23,SMA-0,0.6719,1,bank_downtime,1
transaction,4167.14,79,SMA-2,0.4212,2,insufficient_funds,0
loan,24260.87,42,SMA-1,0.3673,4,missed_emi,0
transaction,13336.53,3,SMA-0,0.6185,0,insufficient_funds,0
loan,16871.27,75,SMA-2,0.6214,0,bank_downtime,0
transaction,735.36,13,SMA-0,0.2864,2,bank_downtime,1
transaction,10619.28,58,SMA-1,0.7882,1,bank_downtime,0
transaction,12312.31,6,SMA-0,0.6033,0,bank_downtime,1
loan,48329.17,107,NPA,0.4541,3,insufficient_funds,0
loan,31526.19,23,SMA-0,0.8371,1,missed_emi,0
loan,26202.77,18,SMA-0,0.8351,0,insufficient_funds,0
transaction,11681.33,10,SMA-0,0.6852,2,insufficient_funds,1
loan,46755.53,106,NPA,0.2778,3,missed_emi,0
loan,42277.02,68,SMA-2,0.8507,0,missed_emi,0
transaction,6798.09,72,SMA-2,0.9223,0,card_declined,0
loan,15676.45,43,SMA-1,0.8013,0,insufficient_funds,0
loan,16818.51,41,SMA-1,0.6689,2,insufficient_funds,0
loan,27698.95,8,SMA-0,0.4879,2,missed_emi,0
loan,38482.23,49,SMA-1,0.5884,2,missed_emi,0
transaction,10312.77,19,SMA-0,0.2781,0,otp_failure,0
transaction,1822.03,114,SMA-2,0.6987,3,card_declined,0
loan,37561.13,79,SMA-2,0.7702,2,insufficient_funds,0
transaction,16216.42,34,SMA-1,0.5277,2,otp_failure,0
loan,18027.4,11,SMA-0,0.6593,3,insufficient_funds,0
loan,34885.66,78,NPA,0.6583,1,missed_emi,0
loan,24196.64,9,SMA-0,0.7336,1,missed_emi,1
loan,45010.37,14,SMA-0,0.4752,2,missed_emi,0
transaction,16981.9,16,SMA-0,0.1362,4,insufficient_funds,0
transaction,10745.92,49,SMA-1,0.6681,2,card_declined,0
transaction,13984.36,78,SMA-2,0.654,2,otp_failure,0
transaction,17725.32,25,SMA-0,0.6892,1,insufficient_funds,0
transaction,10166.48,6,Standard,0.2221,1,card_declined,0
transaction,6608.39,40,SMA-0,0.82,0,insufficient_funds,1
loan,38914.98,73,SMA-2,0.8014,1,insufficient_funds,0
loan,14902.98,17,SMA-1,0.6156,0,missed_emi,0
transaction,8076.36,17,SMA-0,0.4884,2,insufficient_funds,0
transaction,17381.68,107,NPA,0.6666,2,card_declined,0
loan,37599.01,108,NPA,0.6639,0,insufficient_funds,0
transaction,8374.31,118,NPA,0.0799,5,card_declined,0
transaction,4687.52,81,SMA-2,0.7087,0,card_declined,0
transaction,7441.38,14,SMA-0,0.3242,3,insufficient_funds,0
transaction,6040.03,16,SMA-0,0.5792,3,otp_failure,1
transaction,3933.74,28,SMA-0,0.6714,1,card_declined,1
loan,38449.98,26,Standard,0.8282,0,insufficient_funds,0
transaction,5415.36,109,NPA,0.3547,4,insufficient_funds,0
transaction,9356.27,78,SMA-1,0.4593,0,insufficient_funds,0
transaction,8024.26,69,SMA-2,0.5664,2,bank_downtime,1
transaction,19650.51,14,Standard,0.7264,1,otp_failure,1
loan,22599.15,99,NPA,0.851,0,missed_emi,0
loan,8599.21,84,SMA-2,0.3115,3,insufficient_funds,0
loan,9042.16,12,Standard,0.8009,0,insufficient_funds,1
transaction,12019.7,92,NPA,0.2504,2,card_declined,0
loan,31971.36,22,SMA-0,0.598,2,missed_emi,0
loan,23844.15,6,SMA-0,0.5563,0,missed_emi,1
loan,24432.97,61,SMA-2,0.6057,0,insufficient_funds,0
transaction,1551.69,60,SMA-2,0.4903,2,otp_failure,0
transaction,10572.66,7,SMA-0,0.456,2,otp_failure,0
transaction,10342.42,26,Standard,0.1905,3,otp_failure,0
loan,11729.72,118,NPA,0.5406,2,insufficient_funds,0
transaction,2524.87,63,SMA-2,0.3388,3,card_declined,0
transaction,2909.66,70,SMA-2,0.6136,1,card_declined,0
loan,9546.27,16,SMA-0,0.6025,1,missed_emi,0
loan,32436.87,6,SMA-0,0.7026,3,missed_emi,1
loan,13841.72,22,SMA-0,0.7594,1,bank_downtime,1
transaction,5402.89,20,SMA-0,0.779,2,card_declined,0
loan,12810.75,18,SMA-0,0.6718,1,missed_emi,0
transaction,19177.79,15,SMA-0,0.8633,1,bank_downtime,1
transaction,17165.04,51,SMA-1,0.6842,1,card_declined,0
transaction,4994.65,27,SMA-0,0.6072,1,card_declined,0
transaction,6887.54,83,SMA-2,0.416,3,bank_downtime,0
transaction,4592.91,14,SMA-0,0.6369,1,bank_downtime,1
loan,27134.42,40,SMA-1,0.5781,2,bank_downtime,0
transaction,882.41,1,SMA-0,0.8706,0,otp_failure,1
loan,35211.56,41,SMA-1,0.896,1,missed_emi,0
transaction,10701.58,4,SMA-0,0.4896,3,bank_downtime,1
transaction,18023.46,114,NPA,0.5805,2,card_declined,0
transaction,3705.66,79,SMA-1,0.6231,1,otp_failure,1
transaction,16180.13,42,SMA-1,0.5493,2,otp_failure,0
transaction,15943.24,6,SMA-0,0.5734,1,insufficient_funds,0
transaction,2980.03,53,SMA-1,0.6292,1,insufficient_funds,0
transaction,8271.9,74,SMA-2,0.4523,2,insufficient_funds,0
transaction,3817.98,15,SMA-0,0.8263,0,otp_failure,1
transaction,5467.05,50,SMA-1,0.4512,2,card_declined,1
loan,16846.08,82,SMA-2,0.3867,2,missed_emi,0
transaction,11346.61,75,SMA-2,0.7192,1,otp_failure,0
loan,23513.49,80,SMA-2,0.936,2,missed_emi,0
loan,47647.98,93,NPA,0.7571,0,missed_emi,0
loan,10686.66,105,NPA,0.42,2,bank_downtime,0
loan,48816.15,34,SMA-1,0.7284,1,insufficient_funds,1
transaction,4997.45,50,SMA-1,0.6234,3,card_declined,0
loan,39779.33,79,SMA-2,0.6138,1,insufficient_funds,0
loan,20253.65,66,SMA-2,0.1067,4,insufficient_funds,0
transaction,3290.09,119,NPA,0.4333,3,insufficient_funds,0
transaction,17228.84,1,SMA-0,0.3472,2,card_declined,1
transaction,6522.79,29,SMA-0,0.6583,1,bank_downtime,1
loan,34648.49,22,SMA-0,0.7348,1,missed_emi,0
loan,30489.97,21,Standard,0.3905,3,missed_emi,0
transaction,9699.25,17,SMA-0,0.5945,1,card_declined,0
transaction,10168.48,67,SMA-2,0.7732,1,card_declined,0
transaction,14778.64,6,Standard,0.9507,0,card_declined,1
transaction,2211.57,72,NPA,0.5551,2,card_declined,0
loan,35068.13,65,SMA-2,0.8426,2,insufficient_funds,0
transaction,17968.34,20,SMA-0,0.4964,1,card_declined,0
transaction,1626.87,20,SMA-0,0.1062,2,insufficient_funds,0
transaction,3242.74,57,SMA-1,0.5213,5,card_declined,0
loan,37248.44,74,NPA,0.7997,1,insufficient_funds,1
transaction,9026.99,93,NPA,0.6115,2,card_declined,0
loan,23159.69,88,SMA-2,0.6117,0,bank_downtime,0
transaction,3170.85,111,NPA,0.6497,2,card_declined,0
transaction,10382.02,52,SMA-0,0.5498,3,insufficient_funds,1
transaction,2967.63,99,NPA,0.8329,0,insufficient_funds,0
transaction,9794.1,81,NPA,0.3624,2,bank_downtime,0
transaction,15390.5,96,NPA,0.7214,1,insufficient_funds,0
loan,16621.9,0,Standard,0.9374,0,insufficient_funds,1
loan,26635.38,111,NPA,0.634,4,missed_emi,0
loan,49640.72,40,SMA-1,0.7365,1,missed_emi,0
transaction,13889.68,80,SMA-2,0.5232,3,card_declined,0
loan,42861.05,9,SMA-0,0.7473,2,insufficient_funds,0
transaction,8589.53,33,SMA-2,0.8112,0,otp_failure,1
transaction,15473.29,21,SMA-0,0.9349,1,insufficient_funds,1
transaction,1289.93,23,SMA-0,0.3015,2,insufficient_funds,1
transaction,2896.77,9,SMA-0,0.6743,1,card_declined,0
loan,14138.18,81,SMA-2,0.419,4,missed_emi,0
transaction,8338.06,0,SMA-0,0.8059,0,card_declined,1
transaction,16992.03,25,SMA-0,0.8234,0,card_declined,0
loan,20581.97,13,SMA-0,0.7409,2,missed_emi,0
transaction,13265.11,53,SMA-1,0.7233,1,insufficient_funds,0
transaction,14331.63,20,SMA-0,0.6119,1,otp_failure,0
transaction,11930.56,20,SMA-0,0.9233,1,card_declined,0
loan,21075.89,42,SMA-1,0.398,1,missed_emi,0
loan,30967.4,60,SMA-1,0.6443,2,insufficient_funds,0
transaction,7174.18,9,SMA-0,0.6993,2,bank_downtime,1
transaction,2135.54,13,SMA-1,0.7258,0,insufficient_funds,0
transaction,19859.68,19,SMA-0,0.9351,0,insufficient_funds,1
loan,10723.21,113,NPA,0.4707,2,insufficient_funds,0
transaction,1910.79,33,SMA-0,0.5509,0,insufficient_funds,0
transaction,17631.35,54,SMA-1,0.5532,2,insufficient_funds,0
transaction,6385.78,19,SMA-0,0.5854,2,insufficient_funds,0
transaction,13180.79,42,SMA-1,0.862,2,insufficient_funds,0
transaction,6915.61,5,SMA-0,0.8868,0,insufficient_funds,1
loan,22615.44,2,Standard,0.7981,2,missed_emi,1
transaction,5611.2,40,SMA-1,0.78,0,insufficient_funds,0
transaction,7189.36,33,SMA-0,0.4337,1,otp_failure,0
loan,23481.52,10,SMA-0,0.7981,4,insufficient_funds,0
loan,37418.72,64,SMA-2,0.627,2,insufficient_funds,0
transaction,10474.96,118,NPA,0.4958,1,insufficient_funds,0
transaction,18899.52,33,SMA-1,0.3603,3,card_declined,0
transaction,1316.67,57,SMA-0,0.2922,3,insufficient_funds,0
loan,27638.07,110,NPA,0.5683,2,insufficient_funds,0
transaction,11892.38,85,SMA-2,0.546,3,otp_failure,0
loan,46408.86,39,SMA-2,0.4353,3,missed_emi,0
loan,7212.13,71,SMA-2,0.6679,1,missed_emi,0
transaction,11683.24,9,Standard,0.1714,4,bank_downtime,0
transaction,17145.78,44,SMA-2,0.4059,2,card_declined,0
transaction,5217.59,22,Standard,0.3726,4,otp_failure,0
transaction,17587.7,12,SMA-0,0.7058,1,insufficient_funds,0
transaction,871.35,36,SMA-1,0.7661,3,card_declined,0
loan,37960.46,10,Standard,0.5467,3,missed_emi,0
loan,46990.09,66,SMA-2,0.752,1,missed_emi,0
transaction,13315.35,39,SMA-1,0.6886,2,insufficient_funds,0
loan,24756.32,46,SMA-2,0.6648,1,bank_downtime,0
transaction,1375.18,11,SMA-0,0.3876,2,otp_failure,0
transaction,18442.22,10,SMA-1,0.2614,3,otp_failure,0
transaction,9670.78,52,SMA-1,0.7492,4,insufficient_funds,0
loan,6304.85,116,NPA,0.6934,1,missed_emi,0
loan,36041.95,7,SMA-0,0.5052,2,insufficient_funds,0
loan,26682.68,23,SMA-0,0.4616,2,missed_emi,0
transaction,2924.73,91,NPA,0.6414,1,insufficient_funds,0
transaction,4678.3,5,SMA-0,0.8711,1,insufficient_funds,0
transaction,1757.57,92,SMA-2,0.9024,1,otp_failure,0
transaction,11698.72,46,SMA-1,0.4433,1,otp_failure,1
loan,32991.33,34,SMA-1,0.8265,0,bank_downtime,1
loan,27758.4,25,SMA-0,0.704,1,insufficient_funds,0
loan,41769.6,24,SMA-0,0.3585,3,insufficient_funds,0
transaction,17289.67,25,SMA-0,0.5523,3,otp_failure,0
transaction,12504.68,94,NPA,0.4288,1,insufficient_funds,0
transaction,748.75,69,SMA-2,0.2456,4,otp_failure,0
transaction,14056.98,62,SMA-2,0.7291,1,bank_downtime,1
transaction,8650.98,80,SMA-2,0.5943,2,otp_failure,0
loan,30450.09,20,SMA-0,0.7418,1,missed_emi,1
loan,34208.63,56,SMA-1,0.807,0,missed_emi,0
transaction,7329.61,39,SMA-1,0.9466,0,card_declined,1
transaction,18383.42,77,SMA-2,0.7075,2,otp_failure,1
transaction,3112.51,25,SMA-0,0.2452,3,card_declined,1
transaction,13594.48,59,SMA-1,0.8013,1,card_declined,0
loan,5196.18,94,NPA,0.3744,3,missed_emi,0
transaction,18530.7,33,SMA-0,0.839,0,bank_downtime,0
transaction,2693.83,5,Standard,0.5926,2,bank_downtime,0
transaction,2350.24,45,SMA-1,0.6333,2,insufficient_funds,0
loan,19985.34,28,SMA-1,0.6911,1,missed_emi,0
transaction,7784.54,63,SMA-2,0.8536,1,otp_failure,0
transaction,4678.85,108,NPA,0.734,1,insufficient_funds,0
transaction,11909.87,42,SMA-1,0.1623,3,insufficient_funds,0
loan,24931.13,40,SMA-1,0.4254,2,missed_emi,0
loan,6537.9,60,SMA-1,0.947,0,bank_downtime,1
transaction,6733.22,8,SMA-0,0.3564,4,otp_failure,0
loan,41469.48,20,SMA-0,0.4867,2,insufficient_funds,1
loan,36036.57,101,NPA,0.9486,0,insufficient_funds,0
loan,37619.19,62,SMA-2,0.7516,1,insufficient_funds,0
loan,36415.26,1,SMA-0,0.5134,2,missed_emi,0
loan,18993.79,16,Standard,0.6407,1,missed_emi,1
transaction,2443.45,64,SMA-2,0.5465,3,insufficient_funds,0
loan,17261.02,75,SMA-2,0.5702,1,missed_emi,0
transaction,16719.81,86,SMA-2,0.5225,4,insufficient_funds,0
loan,49121.19,23,SMA-0,0.6743,1,insufficient_funds,0
transaction,10130.02,103,NPA,0.4507,2,insufficient_funds,0
loan,5436.52,49,SMA-1,0.804,2,insufficient_funds,1
loan,11302.02,66,SMA-2,0.5448,3,missed_emi,0
transaction,6780.57,54,SMA-1,0.3896,1,insufficient_funds,0
loan,31036.34,9,SMA-0,0.5057,2,missed_emi,0
transaction,1964.33,110,NPA,0.771,1,insufficient_funds,1
loan,47451.08,9,SMA-0,0.5515,2,missed_emi,0
transaction,7619.13,20,SMA-0,0.382,3,insufficient_funds,0
transaction,18295.39,82,SMA-2,0.7006,1,card_declined,0
loan,40123.48,56,SMA-0,0.4801,1,missed_emi,0
transaction,15231.03,86,SMA-2,0.6171,1,card_declined,0
loan,32302.38,45,SMA-1,0.4579,0,missed_emi,0
transaction,12722.28,31,SMA-1,0.1946,4,bank_downtime,0
transaction,12941.06,101,NPA,0.4761,2,insufficient_funds,0
transaction,12760.07,2,SMA-0,0.7702,1,bank_downtime,1
transaction,11297.7,89,SMA-2,0.9216,0,card_declined,0
transaction,19735.07,18,SMA-0,0.7846,0,card_declined,0
transaction,14779.67,88,SMA-2,0.9295,2,card_declined,0
transaction,15650.45,10,SMA-0,0.689,1,card_declined,0
transaction,17513.02,52,SMA-2,0.5937,2,insufficient_funds,0
loan,14703.79,95,NPA,0.5175,4,missed_emi,0
loan,8771.19,40,SMA-1,0.9338,2,missed_emi,0
transaction,9916.44,72,SMA-2,0.3883,2,otp_failure,0
loan,28133.63,81,SMA-2,0.7141,1,missed_emi,0
transaction,16669.04,71,SMA-2,0.5027,2,insufficient_funds,0
loan,24970.26,102,NPA,0.8921,0,insufficient_funds,0
loan,30688.39,38,SMA-2,0.8404,0,missed_emi,1
loan,28718.19,13,SMA-0,0.4676,2,insufficient_funds,0
transaction,1244.95,3,SMA-0,0.633,1,insufficient_funds,0
loan,32684.67,19,SMA-0,0.6741,2,missed_emi,0
transaction,16646.84,11,SMA-0,0.4987,1,insufficient_funds,1
loan,12087.52,49,SMA-1,0.2677,4,insufficient_funds,0
transaction,12089.47,14,SMA-0,0.6227,2,otp_failure,0
loan,31712.47,2,SMA-0,0.7113,2,insufficient_funds,1
loan,12388.32,2,SMA-0,0.9807,0,bank_downtime,1
loan,10555.86,85,SMA-2,0.4867,2,missed_emi,0
transaction,19611.01,53,SMA-1,0.5509,2,insufficient_funds,0
loan,22717.36,29,SMA-0,0.5827,2,insufficient_funds,0
transaction,4934.72,96,SMA-2,0.4929,2,otp_failure,0
loan,12709.6,5,SMA-0,0.8919,1,missed_emi,1
transaction,13518.23,115,NPA,0.4835,0,card_declined,0
transaction,12384.18,56,SMA-1,0.8748,1,insufficient_funds,0
transaction,13049.27,14,SMA-0,0.2735,4,insufficient_funds,0
transaction,2216.12,63,SMA-2,0.5289,2,card_declined,0
transaction,17923.92,75,SMA-1,0.7236,1,card_declined,0
transaction,8090.69,36,SMA-1,0.4541,2,card_declined,1
transaction,6610.7,90,SMA-2,0.575,2,card_declined,0
loan,25806.27,11,SMA-0,0.6571,1,insufficient_funds,1
loan,22552.97,22,SMA-0,0.3799,0,insufficient_funds,0
transaction,17339.75,7,SMA-0,0.8875,0,card_declined,1
transaction,18620.59,16,Standard,0.4565,3,card_declined,0
transaction,6417.34,19,SMA-0,0.8153,0,otp_failure,1
transaction,17346.75,100,SMA-2,0.6241,3,insufficient_funds,0
loan,40168.54,6,SMA-0,0.6231,1,missed_emi,0
loan,46886.35,36,SMA-1,0.2222,4,missed_emi,0
transaction,5292.13,47,SMA-1,0.7638,0,card_declined,0
transaction,11750.7,97,NPA,0.3803,4,otp_failure,1
transaction,5853.62,120,SMA-2,0.7692,0,insufficient_funds,1
loan,42084.25,73,SMA-2,0.7957,0,missed_emi,0
loan,5239.59,112,NPA,0.3204,1,bank_downtime,0
transaction,11513.97,78,SMA-2,0.4417,1,bank_downtime,0
transaction,7114.47,110,NPA,0.8875,0,insufficient_funds,0
loan,19520.77,67,SMA-1,0.428,3,bank_downtime,0
loan,34020.78,6,SMA-0,0.5164,2,bank_downtime,0
transaction,17103.95,33,SMA-1,0.2739,3,otp_failure,1
transaction,12379.31,59,SMA-1,0.8038,1,card_declined,0
transaction,17136.87,29,Standard,0.7988,3,otp_failure,0
transaction,5659.64,22,SMA-0,0.5234,1,insufficient_funds,0
transaction,10630.29,51,SMA-1,0.8077,0,bank_downtime,1
transaction,9285.46,104,NPA,0.6204,0,card_declined,0
transaction,727.08,2,SMA-0,0.8384,0,card_declined,1
transaction,11357.84,75,SMA-2,0.5231,2,card_declined,0
loan,34768.59,69,SMA-2,0.5411,2,missed_emi,0
transaction,12042.33,111,NPA,0.7502,1,card_declined,0
transaction,14857.46,103,NPA,0.6843,1,card_declined,0
transaction,11641.12,74,SMA-2,0.5123,2,otp_failure,0
transaction,1801.63,45,SMA-1,0.9135,0,bank_downtime,0
loan,10240.05,16,SMA-0,0.527,1,missed_emi,1
transaction,12131.25,48,SMA-1,0.9278,0,bank_downtime,1
transaction,5862.09,75,SMA-2,0.7899,1,insufficient_funds,1
loan,8584.03,96,NPA,0.6539,2,insufficient_funds,0
transaction,8877.25,78,SMA-2,0.8119,2,insufficient_funds,0
loan,29944.52,15,Standard,0.7486,2,missed_emi,1
transaction,6910.55,54,SMA-1,0.6986,1,card_declined,0
transaction,14548.46,27,SMA-0,0.5035,1,insufficient_funds,0
transaction,13053.53,0,Standard,0.739,3,insufficient_funds,1
transaction,6989.96,15,SMA-0,0.8808,1,insufficient_funds,0
loan,38969.26,8,Standard,0.4094,3,insufficient_funds,0
loan,34191.28,87,SMA-2,0.8278,1,missed_emi,0
transaction,12930.18,20,SMA-0,0.4379,2,insufficient_funds,1
transaction,11291.84,23,SMA-0,0.611,2,bank_downtime,1
loan,5512.54,110,NPA,0.9835,0,bank_downtime,1
loan,36342.82,31,SMA-1,0.8382,0,bank_downtime,1
transaction,7832.81,0,Standard,0.3752,3,bank_downtime,1
transaction,18880.89,23,SMA-0,0.7395,1,card_declined,1
transaction,16450.7,9,SMA-0,0.2761,3,bank_downtime,0
loan,31446.25,7,SMA-0,0.8743,0,missed_emi,1
transaction,5417.55,5,SMA-0,0.8728,0,bank_downtime,1
transaction,4472.49,53,SMA-1,0.7883,1,otp_failure,0
loan,20317.32,14,Standard,0.6537,1,insufficient_funds,1
transaction,9793.07,30,SMA-0,0.3832,3,insufficient_funds,0
transaction,6273.28,90,SMA-2,0.5672,3,card_declined,0
transaction,10541.13,36,SMA-1,0.7009,1,insufficient_funds,0
transaction,3724.72,100,NPA,0.3657,3,insufficient_funds,0
transaction,19565.4,43,SMA-1,0.5708,2,insufficient_funds,0
transaction,2604.53,33,SMA-1,0.8199,0,insufficient_funds,1
transaction,18672.91,73,SMA-2,0.287,3,bank_downtime,0
transaction,18314.77,5,SMA-0,0.495,0,insufficient_funds,0
loan,28641.22,6,SMA-0,0.6082,1,bank_downtime,0
loan,37620.96,60,SMA-1,0.5269,2,missed_emi,0
transaction,9002.94,42,SMA-1,0.1422,3,otp_failure,0
transaction,12785.67,79,SMA-2,0.7574,1,bank_downtime,0
transaction,7141.23,100,NPA,0.7115,3,insufficient_funds,0
transaction,6372.6,32,SMA-1,0.8078,0,insufficient_funds,1
transaction,11775.48,54,SMA-1,0.8737,3,bank_downtime,1
loan,27415.84,43,SMA-1,0.8072,3,missed_emi,0
transaction,11800.96,115,NPA,0.9073,1,bank_downtime,0
transaction,6089.88,85,SMA-2,0.5947,3,bank_downtime,1
transaction,7655.68,99,NPA,0.9268,0,otp_failure,0
loan,8775.41,20,SMA-0,0.7569,1,insufficient_funds,0
transaction,1519.39,76,SMA-2,0.6221,3,insufficient_funds,0
loan,16405.57,21,SMA-0,0.6817,1,missed_emi,0
transaction,1947.81,16,SMA-0,0.3892,2,card_declined,0
loan,9669.86,106,NPA,0.8465,0,bank_downtime,0
loan,41581.78,1,SMA-0,0.8436,1,missed_emi,0
transaction,1258.04,111,NPA,0.5693,2,insufficient_funds,0
transaction,13349.38,11,SMA-0,0.3688,2,insufficient_funds,0
transaction,5814.88,83,SMA-2,0.7364,2,bank_downtime,1
transaction,17495.14,22,Standard,0.3637,3,card_declined,0
loan,26824.65,29,SMA-0,0.6146,1,missed_emi,0
loan,18750.94,17,Standard,0.7554,0,insufficient_funds,1
loan,28293.75,52,SMA-1,0.8527,0,bank_downtime,1
loan,22188.11,28,SMA-0,0.4056,1,missed_emi,0
transaction,11503.87,61,SMA-2,0.6665,1,insufficient_funds,0
transaction,2733.39,1,SMA-0,0.5381,3,otp_failure,1
loan,49864.57,4,SMA-0,0.932,1,bank_downtime,1
transaction,8798.34,7,SMA-0,0.9121,0,insufficient_funds,1
loan,20670.38,35,SMA-2,0.354,4,insufficient_funds,0
transaction,14349.09,82,SMA-2,0.4536,1,bank_downtime,0
transaction,7596.04,95,SMA-2,0.6158,0,insufficient_funds,0
loan,42497.34,19,SMA-0,0.8273,1,missed_emi,0
transaction,9358.28,51,SMA-1,0.8204,0,card_declined,1
loan,37380.13,75,SMA-2,0.8171,1,missed_emi,0
loan,9835.39,23,SMA-0,0.8072,0,insufficient_funds,0
loan,43075.36,34,SMA-1,0.7592,0,missed_emi,0
loan,38107.31,46,SMA-0,0.5779,2,insufficient_funds,0
transaction,4628.48,10,SMA-0,0.828,0,insufficient_funds,1
loan,11537.87,1,SMA-0,0.933,0,missed_emi,1
transaction,6667.7,11,SMA-0,0.6992,1,card_declined,0
transaction,19533.38,57,SMA-1,0.7543,1,bank_downtime,0
loan,16557.42,5,SMA-0,0.3383,4,insufficient_funds,0
transaction,9394.48,15,SMA-0,0.3815,4,bank_downtime,0
transaction,1085.39,27,SMA-0,0.8682,0,insufficient_funds,1
transaction,8245.94,5,SMA-0,0.4717,2,insufficient_funds,1
transaction,11640.74,15,SMA-0,0.698,1,insufficient_funds,1
loan,47890.61,99,NPA,0.4342,2,insufficient_funds,0
transaction,10576.35,1,SMA-0,0.2607,1,card_declined,0
loan,41859.83,60,SMA-1,0.2113,3,bank_downtime,0
loan,29620.74,32,SMA-1,0.7883,2,missed_emi,1
loan,6835.33,63,NPA,0.5305,2,bank_downtime,0
transaction,6642.66,53,SMA-2,0.606,1,otp_failure,0
loan,30899.73,17,SMA-0,0.6343,0,bank_downtime,1
transaction,19036.58,87,NPA,0.8903,1,insufficient_funds,0
loan,43660.87,42,SMA-1,0.6989,0,insufficient_funds,0
transaction,4952.93,83,SMA-2,0.1323,5,otp_failure,0
loan,14904.94,34,SMA-1,0.3497,2,insufficient_funds,0
loan,14052.78,116,SMA-2,0.7778,2,missed_emi,0
transaction,18488.73,76,SMA-2,0.674,1,otp_failure,1
transaction,17126.99,111,NPA,0.6535,1,insufficient_funds,0
loan,39869.75,45,SMA-0,0.8012,1,insufficient_funds,0
transaction,8158.33,40,SMA-1,0.7785,0,insufficient_funds,1
loan,27697.13,74,SMA-2,0.2544,2,bank_downtime,0
transaction,9554.47,93,NPA,0.204,4,otp_failure,0
transaction,5441.26,111,NPA,0.8342,0,bank_downtime,0
loan,27726.26,26,SMA-0,0.8449,1,bank_downtime,1
loan,6372.34,80,SMA-2,0.3824,2,insufficient_funds,1
loan,10931.47,16,SMA-0,0.7858,1,insufficient_funds,0
transaction,17788.5,48,SMA-1,0.3173,1,insufficient_funds,0
loan,38825.59,14,SMA-0,0.2832,3,insufficient_funds,0
transaction,8745.93,28,SMA-0,0.5275,2,insufficient_funds,0
loan,28271.77,103,NPA,0.3804,3,insufficient_funds,0
loan,21649.95,11,SMA-0,0.8142,0,missed_emi,1
transaction,14945.21,58,SMA-1,0.721,1,card_declined,0
transaction,15791.65,53,SMA-2,0.4164,2,card_declined,0
transaction,15384.06,9,SMA-0,0.7671,1,otp_failure,1
loan,37517.53,26,SMA-0,0.9192,1,insufficient_funds,1
transaction,4487.83,50,SMA-0,0.8414,0,card_declined,0
loan,20208.65,14,SMA-0,0.4945,3,insufficient_funds,0
transaction,9661.99,80,SMA-2,0.8395,1,otp_failure,0
loan,19885.68,113,NPA,0.5833,2,missed_emi,0
loan,38972.31,17,SMA-0,0.6542,0,missed_emi,0
transaction,6922.39,14,Standard,0.8104,1,card_declined,1
transaction,3195.53,39,SMA-1,0.7063,0,insufficient_funds,1
transaction,8281.29,72,SMA-2,0.6831,2,card_declined,0
loan,49096.15,22,Standard,0.4942,2,insufficient_funds,1
loan,15164.66,1,SMA-0,0.5644,1,missed_emi,1
transaction,12437.09,47,SMA-1,0.7374,0,otp_failure,0
loan,24483.79,109,NPA,0.3607,5,insufficient_funds,0
transaction,1884.98,32,SMA-1,0.4996,3,bank_downtime,0
transaction,10013.59,35,SMA-1,0.2404,2,card_declined,0
loan,36597.39,112,NPA,0.7039,3,insufficient_funds,0
transaction,10507.79,65,SMA-2,0.4028,1,card_declined,0
transaction,17506.07,69,SMA-2,0.1678,4,otp_failure,0
transaction,6134.27,50,SMA-1,0.7031,1,card_declined,1
transaction,2181.86,113,NPA,0.5277,3,insufficient_funds,0
transaction,18763.03,65,SMA-2,0.742,1,card_declined,0
transaction,7874.83,96,NPA,0.7766,1,insufficient_funds,0
loan,30938.25,66,SMA-1,0.3697,3,missed_emi,0
transaction,15944.06,71,SMA-2,0.8006,0,card_declined,0
transaction,6824.12,23,SMA-0,0.4905,0,otp_failure,1
transaction,14465.21,24,SMA-0,0.6767,2,bank_downtime,1
transaction,3140.67,77,SMA-2,0.6671,1,card_declined,0
loan,18108.22,24,SMA-0,0.4806,2,missed_emi,0
loan,11511.98,50,SMA-1,0.6657,1,insufficient_funds,0
transaction,16319.0,20,SMA-0,0.7367,1,bank_downtime,0
loan,15019.22,83,NPA,0.5372,3,missed_emi,0
transaction,14489.37,8,SMA-0,0.615,2,card_declined,1
transaction,18894.32,85,SMA-2,0.7572,2,otp_failure,0
transaction,10791.56,54,SMA-1,0.5568,3,card_declined,1
transaction,11030.57,14,SMA-0,0.9009,1,card_declined,0
transaction,9490.15,48,SMA-1,0.9852,0,bank_downtime,1
loan,19665.06,22,SMA-0,0.7849,0,insufficient_funds,0
transaction,9775.27,26,SMA-0,0.1601,4,card_declined,0
loan,32126.34,29,SMA-0,0.6571,0,insufficient_funds,0
transaction,19726.84,4,SMA-0,0.5573,5,otp_failure,0
transaction,18786.41,116,NPA,0.8253,2,card_declined,0
loan,43796.88,2,SMA-0,0.5797,2,insufficient_funds,0
transaction,17838.05,61,SMA-2,0.7932,1,card_declined,0
transaction,9623.06,30,SMA-0,0.804,0,insufficient_funds,0
loan,34584.99,59,SMA-1,0.3825,3,missed_emi,0
loan,45278.0,29,SMA-1,0.5388,3,missed_emi,0
loan,22682.78,63,SMA-2,0.7964,0,missed_emi,0
loan,48279.31,70,SMA-2,0.581,3,missed_emi,0
loan,23710.37,65,SMA-1,0.8834,1,insufficient_funds,0
loan,32048.72,8,SMA-0,0.5888,0,missed_emi,0
transaction,14341.19,61,NPA,0.4756,2,bank_downtime,0
transaction,19036.54,22,SMA-0,0.5797,2,insufficient_funds,0
transaction,5270.02,2,SMA-0,0.6428,0,otp_failure,1
transaction,15049.55,35,SMA-1,0.7064,0,otp_failure,1
loan,28436.7,36,SMA-1,0.7713,0,missed_emi,0
loan,17085.07,40,SMA-1,0.6608,3,bank_downtime,0
transaction,15643.83,67,SMA-2,0.8272,0,insufficient_funds,0
transaction,11268.33,25,SMA-0,0.3344,3,card_declined,1
loan,34743.82,25,SMA-0,0.5223,1,missed_emi,0
transaction,6796.57,4,SMA-0,0.5442,3,card_declined,1
loan,26657.33,64,SMA-1,0.5596,2,insufficient_funds,0
transaction,12538.41,50,SMA-0,0.8386,1,insufficient_funds,0
transaction,8395.76,28,SMA-1,0.2549,3,card_declined,0
transaction,4368.26,67,SMA-2,0.4491,2,insufficient_funds,0
transaction,19251.99,47,SMA-1,0.768,1,insufficient_funds,0
loan,28016.04,40,SMA-1,0.9398,1,insufficient_funds,0
loan,38026.42,44,SMA-1,0.5354,1,insufficient_funds,0
loan,23497.12,58,SMA-1,0.7327,1,missed_emi,0
transaction,7425.07,61,SMA-2,0.2758,2,insufficient_funds,0
transaction,8439.7,23,Standard,0.7023,2,otp_failure,1
loan,23413.85,10,SMA-0,0.6971,1,bank_downtime,1
loan,29488.11,12,Standard,0.5229,2,missed_emi,1
transaction,11097.66,59,SMA-1,0.6275,1,insufficient_funds,0
transaction,10194.5,92,NPA,0.5938,3,bank_downtime,0
loan,11065.36,34,SMA-1,0.6727,1,insufficient_funds,0
transaction,10173.47,13,SMA-0,0.8484,0,bank_downtime,1
transaction,3797.53,74,NPA,0.8137,0,insufficient_funds,0
transaction,2959.65,85,SMA-2,0.8459,0,bank_downtime,1
transaction,18686.59,93,NPA,0.4237,1,bank_downtime,0
loan,32222.75,55,SMA-1,0.9476,0,missed_emi,0
loan,34677.05,90,SMA-2,0.8309,2,missed_emi,0
transaction,8334.98,1,SMA-0,0.6853,2,card_declined,0
transaction,18225.13,8,SMA-0,0.4528,1,insufficient_funds,0
transaction,12939.64,7,SMA-0,0.4011,0,insufficient_funds,1
transaction,15498.81,68,SMA-2,0.665,1,insufficient_funds,0
transaction,7686.97,5,SMA-0,0.3839,3,insufficient_funds,0
loan,48200.53,43,SMA-1,0.6094,2,insufficient_funds,0
transaction,16499.0,40,SMA-1,0.5051,2,insufficient_funds,0
transaction,17152.0,25,SMA-0,0.3264,4,bank_downtime,0
transaction,3857.79,91,NPA,0.3363,2,insufficient_funds,0
transaction,5783.78,13,SMA-0,0.5714,2,card_declined,0
transaction,6069.72,29,SMA-0,0.4784,4,card_declined,1
transaction,5782.73,76,SMA-2,0.5941,0,insufficient_funds,0
loan,43493.37,2,Standard,0.3125,3,missed_emi,0
transaction,1121.75,63,SMA-2,0.4806,2,card_declined,0
transaction,1983.95,83,SMA-2,0.6903,1,insufficient_funds,0
loan,17326.17,103,NPA,0.6264,1,bank_downtime,0
loan,13994.28,93,NPA,0.9577,2,insufficient_funds,0
transaction,5021.26,26,SMA-0,0.6954,3,card_declined,0
loan,40907.44,52,SMA-1,0.3371,4,bank_downtime,0
transaction,11480.97,5,SMA-0,0.7341,1,card_declined,0
transaction,612.53,20,SMA-0,0.8791,4,insufficient_funds,0
transaction,8871.79,7,SMA-0,0.7311,2,insufficient_funds,0
loan,23354.82,25,SMA-0,0.5856,2,insufficient_funds,1
loan,10127.54,92,SMA-2,0.8611,0,insufficient_funds,0
transaction,13684.76,28,SMA-1,0.7731,1,insufficient_funds,1
transaction,14190.9,50,SMA-0,0.8903,1,bank_downtime,1
loan,37440.19,36,SMA-1,0.4738,1,insufficient_funds,0
transaction,14705.18,39,SMA-1,0.6463,1,bank_downtime,0
transaction,501.03,112,NPA,0.2721,5,insufficient_funds,0
loan,47926.44,24,SMA-0,0.4236,2,insufficient_funds,0
loan,41639.39,57,SMA-1,0.5981,2,missed_emi,0
loan,45679.18,35,SMA-1,0.4011,3,insufficient_funds,0
loan,5703.95,4,SMA-1,0.1237,3,missed_emi,0
transaction,18710.25,42,SMA-1,0.4407,4,insufficient_funds,0
loan,41440.48,82,SMA-2,0.8268,1,missed_emi,0
loan,42674.86,7,SMA-0,0.5402,2,insufficient_funds,0
transaction,2319.1,5,SMA-1,0.2482,1,bank_downtime,1
transaction,14906.17,12,SMA-0,0.7198,0,bank_downtime,1
transaction,19218.38,75,SMA-2,0.4031,2,insufficient_funds,0
transaction,13731.67,69,SMA-2,0.8625,1,otp_failure,0
loan,30675.26,50,SMA-1,0.3141,3,bank_downtime,0
loan,47553.34,40,SMA-1,0.3655,3,missed_emi,0
transaction,9137.27,95,NPA,0.6615,1,insufficient_funds,0
transaction,12186.22,75,SMA-1,0.1413,4,bank_downtime,0
loan,26435.22,82,SMA-2,0.7973,4,insufficient_funds,1
transaction,18690.5,82,SMA-2,0.6138,2,insufficient_funds,0
transaction,1983.65,59,SMA-1,0.7628,3,insufficient_funds,0
transaction,10271.83,39,SMA-2,0.5079,1,otp_failure,0
transaction,13895.57,90,NPA,0.6246,2,otp_failure,0
transaction,15942.18,102,NPA,0.8015,0,bank_downtime,0
transaction,11868.86,1,SMA-1,0.4321,4,insufficient_funds,0
transaction,18223.9,3,SMA-0,0.4636,2,insufficient_funds,0
transaction,18868.83,109,NPA,0.9807,0,insufficient_funds,0
transaction,1754.22,22,SMA-0,0.8005,0,otp_failure,1
transaction,8346.23,92,NPA,0.4566,1,bank_downtime,0
loan,6055.66,32,SMA-1,0.9578,0,missed_emi,0
loan,19823.75,9,SMA-0,0.2413,3,insufficient_funds,0
transaction,10968.93,6,Standard,0.212,4,insufficient_funds,1
transaction,18260.5,12,SMA-0,0.5394,1,insufficient_funds,0
loan,43094.94,20,SMA-0,0.7998,1,insufficient_funds,0
transaction,2986.24,42,SMA-1,0.9413,1,insufficient_funds,0
transaction,2314.09,66,SMA-2,0.6086,1,card_declined,0
loan,31517.03,117,SMA-2,0.7141,3,bank_downtime,0
loan,28945.31,37,SMA-1,0.7556,1,missed_emi,0
loan,16986.99,45,SMA-2,0.8536,0,missed_emi,0
transaction,18039.34,45,SMA-1,0.7286,0,card_declined,1
loan,46731.49,47,SMA-1,0.6674,5,insufficient_funds,0
transaction,8350.92,45,SMA-1,0.7371,2,card_declined,0
loan,45063.62,0,Standard,0.6172,2,missed_emi,0
transaction,7987.0,0,Standard,0.6099,0,otp_failure,1
transaction,14867.93,7,SMA-0,0.5988,4,card_declined,0
loan,26417.4,7,SMA-0,0.2638,4,insufficient_funds,0
transaction,2890.37,67,SMA-2,0.3511,3,card_declined,0
transaction,18594.72,16,SMA-0,0.7189,1,bank_downtime,1
loan,25434.35,96,NPA,0.8475,4,bank_downtime,0
transaction,14822.5,103,NPA,0.598,2,bank_downtime,1
transaction,7659.89,114,NPA,0.5431,1,insufficient_funds,0
transaction,868.18,105,NPA,0.4127,3,card_declined,0
loan,9523.87,22,SMA-0,0.3588,3,missed_emi,0
loan,27329.88,44,SMA-0,0.4498,5,insufficient_funds,0
transaction,13954.3,13,Standard,0.3803,3,insufficient_funds,0
loan,20063.09,81,SMA-2,0.4769,0,insufficient_funds,0
transaction,14062.02,95,NPA,0.485,2,insufficient_funds,0
loan,36438.6,88,SMA-2,0.407,2,insufficient_funds,0
transaction,14226.75,36,SMA-1,0.6167,0,bank_downtime,1
transaction,10104.18,74,NPA,0.7208,1,card_declined,0
loan,46169.88,7,SMA-1,0.471,1,missed_emi,1
transaction,10039.33,3,Standard,0.7148,1,otp_failure,1
transaction,9280.17,73,SMA-2,0.7123,3,insufficient_funds,0
transaction,4387.93,36,SMA-2,0.9488,0,card_declined,0
loan,18844.48,119,NPA,0.5466,2,missed_emi,0
transaction,1325.52,7,SMA-0,0.6588,1,otp_failure,1
transaction,12853.94,89,SMA-2,0.4694,2,card_declined,0
transaction,5346.45,41,SMA-1,0.6292,1,otp_failure,0
transaction,6431.03,84,SMA-2,0.5806,3,bank_downtime,0
transaction,15530.88,83,SMA-2,0.6471,2,otp_failure,0
loan,19724.95,100,NPA,0.4394,2,missed_emi,0
loan,15898.82,24,Standard,0.8893,3,insufficient_funds,1
transaction,3796.63,107,NPA,0.8497,1,insufficient_funds,0
transaction,15609.74,11,SMA-0,0.2561,2,card_declined,0
transaction,3029.27,6,SMA-0,0.7212,1,card_declined,0
transaction,9348.2,36,SMA-1,0.543,3,bank_downtime,1
loan,27811.86,84,NPA,0.7225,3,bank_downtime,0
transaction,13904.1,40,SMA-1,0.5519,2,otp_failure,1
transaction,12849.03,85,SMA-2,0.3274,3,card_declined,0
loan,41482.43,70,SMA-1,0.5134,2,insufficient_funds,0
transaction,1372.65,16,Standard,0.9068,0,insufficient_funds,1
loan,18339.83,107,NPA,0.5786,3,insufficient_funds,0
transaction,5962.62,4,SMA-0,0.6654,3,card_declined,1
loan,11570.76,97,NPA,0.1935,4,missed_emi,0
loan,18013.02,24,SMA-0,0.7734,0,missed_emi,0
loan,18939.44,43,SMA-1,0.753,2,bank_downtime,0
loan,28484.8,35,SMA-2,0.1292,4,missed_emi,0
transaction,13442.24,13,SMA-0,0.6017,0,insufficient_funds,0
transaction,7931.46,29,SMA-0,0.8659,0,bank_downtime,0
loan,37376.16,15,SMA-0,0.4938,1,insufficient_funds,1
transaction,7055.22,16,SMA-0,0.5704,2,otp_failure,0
transaction,6160.53,14,Standard,0.6814,1,card_declined,1
transaction,11053.17,42,SMA-1,0.611,0,bank_downtime,1
transaction,962.47,80,SMA-2,0.417,4,bank_downtime,0
transaction,2055.89,50,SMA-1,0.4938,4,insufficient_funds,0
transaction,8650.41,96,NPA,0.4591,1,bank_downtime,0
loan,47431.07,58,SMA-2,0.5662,1,insufficient_funds,0
transaction,14569.48,65,SMA-2,0.5419,2,insufficient_funds,0
transaction,2218.47,62,SMA-2,0.408,1,bank_downtime,0
transaction,17003.2,38,SMA-1,0.8483,0,bank_downtime,1
transaction,14779.87,65,SMA-2,0.6843,1,otp_failure,0
loan,32492.59,5,SMA-0,0.7605,3,insufficient_funds,0
transaction,16495.71,90,SMA-2,0.6018,3,insufficient_funds,0
transaction,8380.14,77,SMA-1,0.5335,3,otp_failure,0
loan,14967.55,19,SMA-0,0.6997,1,missed_emi,0
transaction,10484.46,75,SMA-2,0.3839,3,otp_failure,0
transaction,11202.41,0,SMA-0,0.7354,1,insufficient_funds,1
transaction,10997.36,17,SMA-0,0.6871,1,bank_downtime,1
loan,30428.32,4,SMA-0,0.4233,2,bank_downtime,0
transaction,18999.75,77,NPA,0.3676,3,otp_failure,0
transaction,18093.79,74,SMA-2,0.6749,0,otp_failure,1
transaction,17576.48,82,SMA-2,0.4268,1,card_declined,0
transaction,16127.63,0,Standard,0.7372,3,insufficient_funds,1
transaction,18896.85,43,SMA-1,0.5455,2,card_declined,0
transaction,2420.65,67,SMA-2,0.8271,0,card_declined,0
transaction,5669.9,12,SMA-0,0.5003,2,insufficient_funds,0
loan,27277.52,60,SMA-1,0.7669,1,bank_downtime,1
loan,43094.05,6,SMA-1,0.3106,2,missed_emi,0
transaction,10350.73,14,SMA-0,0.3713,2,otp_failure,1
loan,38661.56,41,SMA-1,0.1751,4,bank_downtime,0
transaction,3209.72,60,SMA-1,0.47,1,card_declined,0
transaction,5422.07,11,SMA-0,0.5113,2,card_declined,1
loan,37929.92,14,SMA-0,0.5947,1,insufficient_funds,0
loan,12413.03,16,Standard,0.7196,0,missed_emi,0
loan,20811.02,19,SMA-0,0.7425,2,insufficient_funds,0
transaction,5664.89,18,SMA-0,0.7259,2,bank_downtime,1
loan,20743.78,33,SMA-1,0.2915,3,insufficient_funds,0
transaction,14312.32,60,SMA-1,0.7375,0,card_declined,1
loan,21553.12,37,SMA-1,0.7385,1,insufficient_funds,1
loan,29986.85,76,SMA-2,0.4847,3,missed_emi,0
transaction,2448.67,69,NPA,0.7965,0,otp_failure,0
loan,41225.8,9,SMA-0,0.3067,4,bank_downtime,0
transaction,7712.83,3,SMA-1,0.7583,1,otp_failure,0
transaction,13146.42,93,SMA-2,0.4956,3,card_declined,0
transaction,14645.1,6,SMA-1,0.409,2,insufficient_funds,0
transaction,4588.39,11,SMA-0,0.3498,3,insufficient_funds,0
loan,44810.37,1,SMA-1,0.613,1,insufficient_funds,0
loan,32730.09,57,SMA-1,0.8042,1,missed_emi,1
transaction,8860.14,52,SMA-1,0.2783,4,insufficient_funds,0
loan,13205.08,117,NPA,0.6269,0,insufficient_funds,0
loan,47403.54,94,SMA-2,0.5084,2,insufficient_funds,0
transaction,15223.83,34,SMA-1,0.3836,3,otp_failure,0
loan,14361.11,31,SMA-1,0.7386,1,missed_emi,1
transaction,7085.36,24,SMA-0,0.667,0,card_declined,1
loan,41435.34,11,SMA-0,0.4959,4,bank_downtime,0
transaction,14065.71,10,SMA-0,0.8423,0,otp_failure,1
transaction,15432.79,10,Standard,0.9268,2,otp_failure,1
transaction,9103.42,8,SMA-0,0.5114,3,bank_downtime,1
loan,37241.43,19,Standard,0.7755,1,insufficient_funds,0
transaction,8036.63,25,SMA-0,0.8114,0,insufficient_funds,0
transaction,4619.63,110,SMA-2,0.438,3,insufficient_funds,0
transaction,12837.2,52,SMA-1,0.7753,1,otp_failure,1
loan,48920.63,117,NPA,0.511,0,missed_emi,0
transaction,6556.72,31,SMA-1,0.6943,3,card_declined,0
transaction,9488.91,39,SMA-1,0.6285,1,insufficient_funds,0
transaction,13643.03,26,SMA-0,0.7361,1,insufficient_funds,0
transaction,11059.37,14,SMA-0,0.2135,3,otp_failure,0
loan,42954.25,11,SMA-0,0.2386,4,insufficient_funds,0
loan,39278.42,106,NPA,0.721,0,missed_emi,0
transaction,1636.8,117,NPA,0.6767,1,insufficient_funds,0
transaction,19969.21,3,SMA-0,0.5015,2,card_declined,1
loan,38858.11,11,SMA-0,0.3881,4,missed_emi,0
transaction,17346.11,35,SMA-1,0.7349,2,insufficient_funds,0
loan,34303.9,14,SMA-0,0.1281,4,missed_emi,0
loan,43532.83,30,SMA-1,0.6424,1,insufficient_funds,0
loan,10057.23,10,SMA-0,0.3004,3,bank_downtime,0
transaction,7280.89,39,SMA-1,0.7632,1,otp_failure,1
transaction,17590.21,21,SMA-0,0.3366,5,card_declined,0
loan,14074.48,29,SMA-0,0.8826,0,missed_emi,0
transaction,2025.72,7,SMA-0,0.287,5,card_declined,0
loan,40465.35,36,SMA-1,0.8919,1,missed_emi,0
transaction,16791.98,116,NPA,0.9845,0,card_declined,0
loan,12319.35,27,Standard,0.5229,3,insufficient_funds,0
transaction,17159.75,93,NPA,0.5782,1,otp_failure,0
transaction,13891.97,87,SMA-2,0.5568,2,card_declined,0
transaction,10641.61,108,NPA,0.4251,2,insufficient_funds,0
loan,42361.26,79,SMA-1,0.5801,3,insufficient_funds,0
loan,23866.22,61,SMA-2,0.8287,0,missed_emi,0
transaction,4282.88,89,SMA-2,0.7632,2,card_declined,0
transaction,6054.63,5,SMA-0,0.6946,3,insufficient_funds,0
loan,27732.38,39,SMA-1,0.8073,0,insufficient_funds,0
transaction,10860.95,117,SMA-2,0.3014,4,card_declined,0
transaction,16208.83,76,SMA-2,0.4625,2,otp_failure,0
transaction,15931.38,110,NPA,0.4487,1,otp_failure,0
transaction,11836.65,77,SMA-2,0.5908,4,otp_failure,0
transaction,15725.32,92,NPA,0.3552,3,card_declined,0
transaction,4239.58,67,SMA-2,0.6186,1,card_declined,0
transaction,1476.26,74,SMA-2,0.8771,0,insufficient_funds,0
transaction,17535.86,46,SMA-1,0.4783,1,otp_failure,0
transaction,1973.31,102,NPA,0.5912,2,insufficient_funds,0
transaction,5310.42,84,SMA-2,0.6577,0,insufficient_funds,0
transaction,14058.72,87,SMA-2,0.585,1,otp_failure,0
loan,23425.16,63,SMA-2,0.3159,5,insufficient_funds,0
transaction,17588.12,24,SMA-0,0.4011,4,otp_failure,0
transaction,6310.61,2,SMA-0,0.6419,1,otp_failure,1
transaction,731.49,104,NPA,0.3812,2,otp_failure,0
transaction,6362.78,52,SMA-1,0.5525,2,card_declined,0
transaction,11772.46,24,Standard,0.481,3,insufficient_funds,0
transaction,7830.8,11,SMA-0,0.603,0,insufficient_funds,0
loan,29069.27,85,SMA-1,0.8303,0,insufficient_funds,0
transaction,17593.66,86,SMA-1,0.7164,3,insufficient_funds,0
loan,46061.83,82,SMA-2,0.5079,2,missed_emi,0
transaction,5686.49,59,SMA-1,0.2811,1,insufficient_funds,0
transaction,9511.74,30,SMA-0,0.1822,3,insufficient_funds,0
transaction,11208.31,24,SMA-0,0.8528,2,card_declined,1
transaction,19007.69,0,Standard,0.6496,1,otp_failure,1
transaction,19973.04,85,SMA-2,0.4468,1,otp_failure,0
loan,15593.33,6,SMA-0,0.8737,2,missed_emi,0
transaction,14676.11,58,SMA-1,0.6254,2,card_declined,0
loan,22011.4,44,SMA-2,0.9602,0,missed_emi,0
loan,5364.87,46,SMA-1,0.4156,2,insufficient_funds,0
transaction,680.42,102,NPA,0.4917,1,bank_downtime,0
transaction,9481.04,2,SMA-0,0.8464,0,insufficient_funds,1
transaction,10022.53,76,SMA-2,0.7318,1,otp_failure,0
transaction,940.11,3,SMA-0,0.5815,2,card_declined,1
transaction,13895.08,2,SMA-0,0.7683,1,card_declined,1
transaction,6233.07,36,SMA-1,0.6596,1,otp_failure,1
transaction,11417.92,4,SMA-0,0.6448,1,otp_failure,1
transaction,6367.92,78,SMA-2,0.5766,1,insufficient_funds,0
loan,12521.04,46,SMA-1,0.3569,5,insufficient_funds,0
loan,23322.82,2,SMA-0,0.252,2,missed_emi,0
loan,15452.3,3,SMA-0,0.8501,0,missed_emi,1
transaction,10928.62,55,SMA-1,0.7812,0,otp_failure,0
transaction,4377.16,81,SMA-2,0.4866,2,bank_downtime,0
transaction,10413.92,37,SMA-1,0.5764,1,card_declined,0
transaction,3568.88,49,SMA-1,0.7605,1,bank_downtime,1
transaction,13584.01,80,SMA-2,0.8442,1,card_declined,0
loan,38927.2,55,SMA-1,0.597,2,insufficient_funds,0
loan,9967.74,17,SMA-0,0.3117,3,insufficient_funds,0
transaction,9622.15,55,SMA-1,0.3869,2,card_declined,0
transaction,1882.0,57,SMA-1,0.3809,2,otp_failure,0
transaction,12164.56,71,SMA-2,0.3216,3,insufficient_funds,0
transaction,5655.88,56,SMA-0,0.4903,0,insufficient_funds,0
transaction,10788.68,112,NPA,0.5351,1,insufficient_funds,0
transaction,10590.49,15,SMA-0,0.3082,2,otp_failure,0
transaction,18524.91,108,SMA-2,0.5619,0,otp_failure,0
loan,29708.75,47,SMA-1,0.5006,1,missed_emi,0
transaction,11868.47,63,SMA-1,0.7091,1,insufficient_funds,0
loan,23074.39,7,SMA-0,0.5897,1,insufficient_funds,0
transaction,19007.05,31,SMA-1,0.6673,2,insufficient_funds,0
transaction,15655.13,75,SMA-2,0.4856,1,insufficient_funds,0
transaction,6065.4,67,SMA-2,0.4426,3,card_declined,0
transaction,16962.09,3,SMA-0,0.7714,2,card_declined,1
transaction,8931.73,48,SMA-1,0.3282,2,insufficient_funds,1
loan,42290.02,6,SMA-0,0.2735,1,missed_emi,0
loan,42029.96,119,SMA-2,0.4858,0,missed_emi,0
transaction,4182.97,96,NPA,0.8017,0,bank_downtime,0
transaction,14172.25,1,SMA-0,0.3026,3,insufficient_funds,0
loan,18078.93,89,SMA-2,0.8471,0,insufficient_funds,0
transaction,6301.11,101,NPA,0.479,2,insufficient_funds,0
transaction,6278.79,29,SMA-0,0.3245,2,otp_failure,1
transaction,14648.58,69,SMA-2,0.2772,4,card_declined,0
loan,15342.17,37,SMA-1,0.836,0,missed_emi,1
loan,5040.76,60,SMA-1,0.5472,5,insufficient_funds,0
transaction,14447.12,28,Standard,0.7655,1,card_declined,1
loan,12703.31,26,SMA-0,0.9164,0,missed_emi,0
loan,9701.71,36,SMA-1,0.5153,3,missed_emi,0
transaction,5131.56,11,SMA-0,0.8421,0,insufficient_funds,0
transaction,7908.06,85,SMA-2,0.3304,3,card_declined,0
transaction,9780.17,28,SMA-0,0.5376,2,insufficient_funds,1
loan,7005.65,33,SMA-1,0.2546,4,insufficient_funds,0
transaction,19426.18,96,SMA-2,0.8447,2,insufficient_funds,0
loan,37222.84,43,SMA-1,0.93,0,insufficient_funds,0
transaction,6802.28,48,SMA-1,0.3107,2,otp_failure,0
loan,19341.38,109,NPA,0.3131,3,insufficient_funds,0
transaction,9246.58,94,NPA,0.3598,5,insufficient_funds,0
transaction,12711.77,13,SMA-0,0.3395,3,insufficient_funds,0
loan,11586.79,40,SMA-1,0.5366,4,missed_emi,0
loan,13501.84,113,NPA,0.6356,1,missed_emi,0
loan,43674.56,31,SMA-1,0.4414,4,missed_emi,0
transaction,5496.97,31,SMA-1,0.4623,1,bank_downtime,1
loan,22108.77,15,SMA-0,0.7011,1,insufficient_funds,0
transaction,17489.8,8,SMA-0,0.8698,0,otp_failure,1
transaction,13431.38,71,SMA-2,0.9248,1,insufficient_funds,0
transaction,7163.38,76,SMA-2,0.3445,3,card_declined,0
transaction,13832.14,112,NPA,0.8408,2,bank_downtime,0
transaction,883.82,76,SMA-2,0.5605,3,insufficient_funds,0
loan,38103.92,19,SMA-0,0.2068,4,insufficient_funds,0
transaction,9996.81,3,SMA-0,0.4768,1,otp_failure,1
loan,41593.2,116,NPA,0.3791,1,missed_emi,0
transaction,19115.43,28,SMA-0,0.6083,1,insufficient_funds,0
transaction,18552.88,25,Standard,0.8034,1,insufficient_funds,0
transaction,18230.67,98,NPA,0.8401,0,card_declined,0
loan,28047.65,52,SMA-1,0.3072,3,bank_downtime,0
loan,21206.4,17,SMA-0,0.2685,3,missed_emi,0
loan,25926.59,95,NPA,0.9388,1,missed_emi,0
loan,36045.32,119,SMA-2,0.1426,4,missed_emi,0
transaction,17737.96,6,SMA-0,0.6505,1,otp_failure,0
transaction,4536.23,90,SMA-2,0.1286,3,insufficient_funds,0
loan,46318.69,32,SMA-1,0.3419,2,insufficient_funds,0
transaction,16396.01,46,SMA-1,0.9243,2,bank_downtime,0
transaction,19587.69,100,NPA,0.7911,1,insufficient_funds,0
transaction,17664.91,113,NPA,0.2902,5,otp_failure,0
transaction,5958.78,21,SMA-0,0.5779,0,bank_downtime,0
transaction,2566.14,16,Standard,0.426,2,insufficient_funds,0
transaction,2688.7,6,SMA-0,0.7623,1,card_declined,1
transaction,6178.85,50,SMA-1,0.5444,5,insufficient_funds,0
transaction,12476.58,1,SMA-0,0.6044,4,bank_downtime,1
transaction,16184.25,34,SMA-2,0.71,1,card_declined,0
transaction,18035.38,5,SMA-0,0.8763,0,insufficient_funds,1
loan,33068.9,34,SMA-1,0.788,2,missed_emi,1
transaction,609.81,3,SMA-1,0.8839,2,card_declined,1
transaction,4133.18,86,SMA-2,0.4363,2,bank_downtime,0
loan,9487.68,16,SMA-0,0.2228,4,insufficient_funds,0
transaction,7584.83,27,SMA-0,0.6968,0,card_declined,1
transaction,10276.34,91,SMA-2,0.9654,1,card_declined,0
loan,6952.87,72,NPA,0.7337,1,missed_emi,0
transaction,7295.32,17,SMA-0,0.7856,1,otp_failure,1
loan,13063.09,5,SMA-0,0.7188,2,missed_emi,0
loan,34118.16,68,SMA-2,0.383,5,insufficient_funds,0
loan,25892.26,32,SMA-1,0.7308,3,insufficient_funds,0
transaction,10158.69,75,SMA-1,0.0976,3,insufficient_funds,0
transaction,8839.99,38,SMA-0,0.284,3,card_declined,0
transaction,19142.38,28,SMA-0,0.4738,2,bank_downtime,1
transaction,4687.33,38,SMA-1,0.6163,0,card_declined,0
transaction,10574.95,73,SMA-2,0.4685,4,card_declined,0
transaction,14852.34,97,NPA,0.4797,1,insufficient_funds,0
transaction,11358.47,3,SMA-0,0.908,1,bank_downtime,1
transaction,18615.91,46,SMA-1,0.1995,4,card_declined,0
transaction,7870.38,2,SMA-0,0.7035,1,card_declined,0
transaction,9541.68,40,SMA-1,0.7407,0,insufficient_funds,0
loan,8983.5,94,NPA,0.4382,1,missed_emi,0
transaction,12375.48,30,Standard,0.7255,1,otp_failure,1
transaction,6120.13,103,SMA-2,0.4445,2,card_declined,0
loan,12213.91,58,SMA-1,0.7685,2,insufficient_funds,0
transaction,11118.36,104,NPA,0.4255,0,insufficient_funds,0
transaction,10880.05,74,SMA-2,0.3811,2,card_declined,0
transaction,1979.5,7,SMA-1,0.7219,2,insufficient_funds,1
loan,36419.7,18,SMA-0,0.6491,2,insufficient_funds,0
transaction,12663.56,33,SMA-1,0.55,1,otp_failure,1
transaction,4185.84,13,SMA-0,0.705,1,insufficient_funds,1
transaction,9653.98,43,SMA-1,0.7214,0,bank_downtime,1
loan,37414.53,40,SMA-1,0.3885,2,bank_downtime,0
transaction,10824.0,109,NPA,0.6397,0,otp_failure,0
transaction,8212.04,36,SMA-1,0.89,0,insufficient_funds,0
loan,19505.23,78,SMA-1,0.4621,3,bank_downtime,0
transaction,12402.68,106,NPA,0.6612,0,bank_downtime,0
loan,47259.89,93,NPA,0.9558,1,insufficient_funds,0
transaction,13599.02,16,SMA-0,0.6691,1,otp_failure,1
loan,8363.57,43,SMA-1,0.7676,3,missed_emi,0
transaction,9483.36,28,SMA-0,0.6941,2,card_declined,1
loan,45087.09,33,SMA-1,0.4461,3,missed_emi,0
loan,9250.81,30,SMA-0,0.4453,2,missed_emi,0
transaction,19783.08,84,SMA-1,0.6896,2,otp_failure,0
transaction,19006.85,38,SMA-1,0.7182,1,otp_failure,1
transaction,2026.35,46,SMA-1,0.4896,1,insufficient_funds,0
transaction,18701.56,115,NPA,0.605,3,card_declined,0
transaction,7581.09,4,SMA-0,0.7624,2,bank_downtime,1
transaction,16971.83,42,SMA-0,0.4433,1,insufficient_funds,0
transaction,8658.48,76,SMA-2,0.4533,3,card_declined,0
transaction,9096.67,11,SMA-0,0.5615,2,card_declined,0
transaction,12867.74,55,SMA-1,0.7862,1,card_declined,0
loan,39851.48,19,SMA-0,0.667,1,missed_emi,1
transaction,1158.89,91,NPA,0.4515,2,card_declined,0
transaction,12066.54,26,SMA-0,0.2551,3,card_declined,0
transaction,4141.29,27,Standard,0.6456,1,insufficient_funds,0
transaction,7246.02,54,SMA-1,0.7964,3,card_declined,0
transaction,7285.39,14,SMA-0,0.4493,4,card_declined,0
transaction,9646.68,23,SMA-0,0.5366,0,otp_failure,0
transaction,7015.66,35,SMA-2,0.2382,3,bank_downtime,0
loan,9831.25,29,SMA-0,0.7645,0,insufficient_funds,0
transaction,3339.76,46,SMA-1,0.434,3,otp_failure,1
loan,6504.71,54,SMA-1,0.7329,2,insufficient_funds,0
loan,26161.21,50,SMA-0,0.8462,0,missed_emi,0
loan,47950.15,60,SMA-1,0.7038,2,insufficient_funds,0
loan,10205.39,25,SMA-0,0.7679,1,missed_emi,0
transaction,18952.16,9,SMA-0,0.3141,3,insufficient_funds,0
transaction,14800.55,74,SMA-1,0.8262,0,card_declined,1
loan,33687.45,88,SMA-2,0.8817,0,missed_emi,0
transaction,13082.92,20,Standard,0.6322,1,bank_downtime,1
transaction,16621.19,34,SMA-1,0.8901,0,insufficient_funds,1
loan,9811.39,43,SMA-1,0.3955,2,missed_emi,0
loan,27713.94,47,SMA-1,0.1231,3,missed_emi,0
loan,36369.1,61,SMA-2,0.6052,0,missed_emi,0
loan,31406.92,3,SMA-0,0.2939,3,missed_emi,0
loan,42475.06,69,SMA-2,0.5558,5,insufficient_funds,0
transaction,1909.3,4,SMA-0,0.5618,3,otp_failure,1
loan,36081.55,40,SMA-1,0.449,2,missed_emi,0
transaction,10913.54,84,SMA-2,0.3467,4,otp_failure,0
transaction,7893.64,38,SMA-1,0.9888,0,insufficient_funds,1
loan,20312.37,11,Standard,0.2444,3,missed_emi,0
transaction,12606.24,116,NPA,0.7072,1,otp_failure,0
transaction,17874.41,95,NPA,0.3719,1,card_declined,0
transaction,10175.43,76,SMA-2,0.3915,3,otp_failure,0
loan,42112.54,34,SMA-1,0.69,0,insufficient_funds,0
transaction,8342.05,14,SMA-0,0.8666,1,card_declined,1
loan,9607.75,105,SMA-2,0.7813,1,insufficient_funds,0
transaction,1699.36,47,SMA-1,0.6914,1,insufficient_funds,1
loan,7310.05,88,SMA-2,0.8234,3,insufficient_funds,0
loan,22106.76,28,SMA-0,0.5946,1,insufficient_funds,0
transaction,7076.14,27,SMA-0,0.7552,1,insufficient_funds,0
transaction,14499.77,116,NPA,0.4788,0,insufficient_funds,0
transaction,14985.02,45,SMA-1,0.8651,0,otp_failure,1
loan,7288.43,10,SMA-0,0.4392,2,insufficient_funds,0
loan,14950.55,17,SMA-0,0.57,2,insufficient_funds,1
loan,17341.78,41,SMA-1,0.6537,1,insufficient_funds,0
transaction,11178.43,3,SMA-0,0.9385,2,insufficient_funds,0
loan,11503.19,39,SMA-1,0.7881,1,insufficient_funds,0
loan,11027.35,35,SMA-1,0.4065,2,insufficient_funds,0
loan,47470.5,77,SMA-2,0.884,0,missed_emi,0
loan,41189.13,29,SMA-0,0.4442,3,missed_emi,0
transaction,4022.77,115,NPA,0.6597,2,card_declined,0
transaction,8428.07,14,Standard,0.7408,0,insufficient_funds,1
loan,21002.99,53,SMA-1,0.2713,3,insufficient_funds,0
loan,40595.18,6,SMA-0,0.5587,1,insufficient_funds,1
transaction,10449.15,71,SMA-2,0.9264,0,card_declined,0
transaction,2993.07,119,NPA,0.8187,0,insufficient_funds,0
transaction,14910.35,83,SMA-2,0.8602,3,insufficient_funds,0
transaction,8239.32,49,SMA-1,0.5389,3,otp_failure,1
transaction,5627.02,42,SMA-1,0.8809,1,otp_failure,1
loan,21897.44,85,SMA-2,0.4245,2,missed_emi,0
loan,27399.05,104,SMA-2,0.6677,0,insufficient_funds,0
transaction,7190.75,117,NPA,0.4927,0,otp_failure,0
transaction,5217.16,33,SMA-1,0.3048,3,bank_downtime,0
transaction,8270.79,118,NPA,0.6919,1,bank_downtime,1
transaction,873.87,12,SMA-0,0.7611,1,card_declined,1
loan,39762.4,20,SMA-0,0.6395,0,missed_emi,0
loan,12692.52,6,SMA-0,0.8421,2,bank_downtime,1
transaction,1356.14,21,SMA-0,0.5899,2,insufficient_funds,1
loan,34416.44,75,NPA,0.5067,1,missed_emi,0
loan,39827.13,88,SMA-2,0.8686,1,missed_emi,0
loan,41622.31,77,SMA-1,0.8202,1,missed_emi,0
transaction,10123.43,58,SMA-1,0.7857,1,otp_failure,0
loan,14241.57,45,SMA-1,0.8185,0,missed_emi,0
transaction,14875.94,67,SMA-2,0.8582,1,otp_failure,0
transaction,14144.41,32,SMA-1,0.3339,3,otp_failure,0
transaction,5302.28,87,SMA-2,0.8918,1,insufficient_funds,0
transaction,18116.45,63,SMA-2,0.6045,0,card_declined,0
transaction,2535.24,66,SMA-2,0.6588,1,card_declined,0
transaction,19662.42,47,SMA-1,0.9541,0,otp_failure,0
transaction,17274.83,94,NPA,0.8737,1,insufficient_funds,0
loan,35955.44,20,SMA-0,0.4644,5,insufficient_funds,0
loan,47243.74,31,SMA-1,0.521,2,missed_emi,0
transaction,14585.07,77,SMA-2,0.6023,0,card_declined,0
loan,13570.56,42,SMA-1,0.5919,2,missed_emi,0
loan,24897.03,95,NPA,0.4057,3,missed_emi,0
loan,8217.64,28,SMA-0,0.5826,3,insufficient_funds,1
transaction,8098.32,30,SMA-0,0.4307,1,bank_downtime,0
loan,38372.14,95,NPA,0.654,3,missed_emi,0
loan,22389.95,39,SMA-1,0.4678,2,missed_emi,0
loan,19863.24,45,SMA-1,0.5908,1,insufficient_funds,0
transaction,12109.44,27,SMA-0,0.4723,2,otp_failure,0
transaction,17507.99,22,SMA-0,0.4605,2,insufficient_funds,0
loan,7141.24,61,SMA-2,0.7392,2,insufficient_funds,0
transaction,8016.67,9,SMA-0,0.6982,1,insufficient_funds,1
transaction,3585.69,93,NPA,0.7863,2,otp_failure,0
transaction,14059.41,77,SMA-2,0.8518,1,insufficient_funds,0
loan,9757.61,15,Standard,0.4952,2,missed_emi,0
loan,34916.35,65,SMA-2,0.7187,1,missed_emi,0
transaction,6080.53,54,SMA-1,0.4071,4,card_declined,0
loan,13951.26,14,SMA-0,0.9593,0,insufficient_funds,0
transaction,18758.87,22,SMA-0,0.7175,3,card_declined,0
loan,5833.61,34,SMA-1,0.2115,2,insufficient_funds,0
loan,24699.98,66,SMA-2,0.2569,5,missed_emi,0
loan,5973.21,58,SMA-1,0.5878,3,insufficient_funds,0
loan,26761.69,47,SMA-1,0.4002,4,bank_downtime,0
transaction,10270.42,75,SMA-1,0.4074,1,otp_failure,1
loan,19474.81,74,SMA-2,0.7095,1,missed_emi,0
transaction,3077.15,56,SMA-1,0.1529,2,insufficient_funds,0
loan,21937.44,78,SMA-2,0.7405,0,insufficient_funds,0
loan,35251.83,27,SMA-1,0.6551,1,missed_emi,0
loan,40207.81,93,NPA,0.2788,5,missed_emi,0
transaction,10849.64,56,SMA-1,0.359,3,insufficient_funds,1
loan,31542.55,83,SMA-2,0.8027,0,insufficient_funds,0
transaction,4412.02,48,SMA-1,0.5331,4,insufficient_funds,0
transaction,6102.94,17,SMA-0,0.4623,3,insufficient_funds,1
loan,12285.3,48,SMA-1,0.5514,3,missed_emi,0
transaction,5361.26,30,SMA-0,0.5616,4,otp_failure,0
loan,15119.91,66,SMA-2,0.9192,1,missed_emi,0
transaction,10629.25,41,SMA-1,0.8744,0,insufficient_funds,0
transaction,11472.43,86,SMA-2,0.5325,5,bank_downtime,0
loan,47522.63,63,SMA-2,0.2283,3,missed_emi,0
transaction,4313.63,64,SMA-1,0.5549,2,bank_downtime,0
transaction,13012.68,17,Standard,0.8718,1,otp_failure,1
loan,41776.67,116,NPA,0.4346,1,insufficient_funds,0
transaction,11424.71,87,NPA,0.5118,2,card_declined,0
loan,16475.16,78,SMA-2,0.7641,1,missed_emi,0
transaction,5619.73,27,SMA-0,0.908,0,card_declined,0
loan,6766.39,47,SMA-1,0.605,0,missed_emi,1
loan,18744.99,10,SMA-0,0.5938,3,missed_emi,0
loan,38507.17,47,SMA-1,0.5558,1,insufficient_funds,0
transaction,1426.6,11,SMA-0,0.7876,2,insufficient_funds,1
loan,14868.29,49,SMA-1,0.7979,1,missed_emi,0
loan,36780.46,60,SMA-1,0.8237,0,insufficient_funds,0
loan,40219.32,32,SMA-0,0.8436,1,missed_emi,0
transaction,9378.71,43,SMA-0,0.5056,2,insufficient_funds,0
loan,36413.35,92,NPA,0.6712,1,missed_emi,0
loan,22457.85,8,SMA-0,0.9082,0,missed_emi,1
transaction,3618.31,79,SMA-2,0.6025,1,bank_downtime,0
transaction,8263.92,13,SMA-0,0.5649,2,card_declined,1
loan,31098.55,2,SMA-0,0.794,1,missed_emi,1
transaction,18987.04,14,SMA-0,0.6243,1,insufficient_funds,1
loan,8093.79,75,SMA-2,0.6862,1,missed_emi,0
loan,27832.73,34,SMA-1,0.9584,1,insufficient_funds,1
loan,19801.39,92,SMA-2,0.8735,0,insufficient_funds,0
transaction,10412.08,46,SMA-1,0.6746,3,otp_failure,0
transaction,967.52,1,SMA-0,0.7872,1,insufficient_funds,1
loan,19086.14,68,SMA-2,0.8587,2,missed_emi,0
transaction,16487.43,8,Standard,0.3815,3,insufficient_funds,1
loan,29927.38,78,SMA-2,0.6327,1,missed_emi,0
transaction,9286.36,13,SMA-0,0.5561,2,card_declined,0
transaction,6067.74,28,SMA-0,0.9747,0,insufficient_funds,1
transaction,6311.83,74,SMA-2,0.8106,2,card_declined,1
transaction,7970.48,108,NPA,0.8313,0,insufficient_funds,0
loan,42600.68,30,SMA-0,0.7608,0,bank_downtime,0
transaction,19360.66,85,SMA-2,0.9029,1,insufficient_funds,0
transaction,9053.78,15,SMA-0,0.3674,3,bank_downtime,1
transaction,8170.38,81,SMA-2,0.6287,1,card_declined,0
transaction,17007.74,61,SMA-2,0.2502,3,otp_failure,0
transaction,8824.65,15,SMA-0,0.4649,2,insufficient_funds,0
loan,29840.82,24,SMA-0,0.846,0,insufficient_funds,0
transaction,5003.36,10,SMA-0,0.2643,4,bank_downtime,1
transaction,14998.3,32,SMA-1,0.7503,1,insufficient_funds,0
transaction,10873.77,16,SMA-0,0.5665,2,insufficient_funds,0
loan,41406.55,59,SMA-1,0.6178,2,insufficient_funds,0
transaction,15724.29,119,NPA,0.3564,4,card_declined,0
transaction,4692.59,0,Standard,0.7797,1,bank_downtime,1
loan,37203.6,47,SMA-1,0.6379,1,bank_downtime,0
transaction,16101.06,51,SMA-1,0.6357,1,card_declined,0
transaction,7249.09,100,SMA-2,0.5041,3,insufficient_funds,0
transaction,3865.88,44,SMA-1,0.3154,4,card_declined,0
loan,5118.45,48,SMA-1,0.6619,1,insufficient_funds,1
transaction,9292.62,40,SMA-1,0.5924,5,insufficient_funds,0
loan,20859.47,21,SMA-0,0.7877,1,missed_emi,1
loan,29970.94,4,SMA-0,0.7156,2,insufficient_funds,1
transaction,4166.8,34,SMA-1,0.6421,2,bank_downtime,0
transaction,17263.48,4,SMA-0,0.9612,2,card_declined,1
transaction,5526.23,48,SMA-1,0.7699,4,bank_downtime,1
loan,15189.33,25,SMA-0,0.3133,3,missed_emi,0
transaction,9873.92,47,SMA-1,0.3983,2,insufficient_funds,0
transaction,10227.59,10,SMA-0,0.6396,1,bank_downtime,1
transaction,4694.16,104,NPA,0.6535,2,card_declined,0
loan,17233.73,96,NPA,0.313,4,insufficient_funds,0
transaction,3809.25,15,Standard,0.6033,1,card_declined,0
loan,37330.71,28,SMA-0,0.8112,0,insufficient_funds,0
transaction,15516.74,56,SMA-1,0.3267,3,card_declined,0
transaction,9515.41,7,SMA-0,0.2518,3,insufficient_funds,1
transaction,14424.7,29,SMA-0,0.736,0,card_declined,0
transaction,14850.74,20,SMA-0,0.209,4,card_declined,0
transaction,3196.37,100,NPA,0.8117,0,otp_failure,0
transaction,19340.47,88,SMA-2,0.8223,1,bank_downtime,1
loan,41946.44,52,SMA-1,0.4376,1,insufficient_funds,0
loan,14201.76,45,SMA-1,0.8427,1,missed_emi,0
loan,13377.43,103,NPA,0.8529,1,missed_emi,0
transaction,2950.39,103,NPA,0.5651,2,card_declined,0
transaction,3198.38,112,NPA,0.5628,2,insufficient_funds,0
transaction,15089.16,9,SMA-0,0.6813,0,otp_failure,0
loan,26134.44,12,SMA-0,0.9011,4,missed_emi,0
loan,40232.04,63,SMA-2,0.4191,3,missed_emi,0
transaction,15051.97,47,SMA-1,0.3918,4,insufficient_funds,0
transaction,12289.95,1,SMA-0,0.9113,0,bank_downtime,1
transaction,13884.15,4,SMA-0,0.2979,0,insufficient_funds,1
transaction,857.94,95,NPA,0.3604,3,bank_downtime,0
transaction,6579.66,91,NPA,0.2463,2,bank_downtime,0
loan,33702.0,29,SMA-0,0.7327,2,insufficient_funds,1
loan,5420.52,95,NPA,0.698,1,missed_emi,0
transaction,1143.05,53,SMA-1,0.4254,2,insufficient_funds,0
transaction,17111.82,81,SMA-2,0.831,0,card_declined,1
loan,35781.12,36,SMA-1,0.5137,5,missed_emi,0
transaction,5674.71,8,Standard,0.7824,3,otp_failure,1
transaction,13915.28,36,SMA-1,0.6732,0,otp_failure,1
transaction,15952.91,39,SMA-0,0.9312,0,bank_downtime,1
transaction,6482.49,49,SMA-1,0.7981,1,card_declined,0
transaction,1202.73,8,SMA-1,0.8368,0,insufficient_funds,0
loan,46975.06,118,NPA,0.4068,4,insufficient_funds,0
transaction,7231.01,19,SMA-1,0.7431,2,bank_downtime,0
transaction,2576.39,15,SMA-0,0.3281,5,bank_downtime,0
loan,27133.56,46,SMA-1,0.3565,4,bank_downtime,0
transaction,15485.12,47,SMA-1,0.3772,3,otp_failure,0
loan,14974.13,37,SMA-2,0.7637,1,insufficient_funds,0
loan,17127.05,76,SMA-2,0.9216,1,insufficient_funds,1
transaction,5232.94,45,SMA-1,0.9243,1,otp_failure,1
loan,49625.29,55,SMA-1,0.6027,0,missed_emi,0
transaction,4349.37,69,SMA-2,0.8423,1,insufficient_funds,0
loan,30898.41,1,SMA-0,0.4821,2,missed_emi,1
transaction,18542.66,51,SMA-1,0.3882,5,insufficient_funds,0
loan,11610.35,94,SMA-2,0.7948,1,missed_emi,0
loan,48688.44,1,Standard,0.7385,0,insufficient_funds,0
transaction,18975.81,34,SMA-1,0.928,0,insufficient_funds,1
transaction,17749.15,102,NPA,0.261,4,insufficient_funds,0
loan,14655.04,29,SMA-0,0.8361,3,insufficient_funds,0
loan,33532.48,39,SMA-1,0.4661,2,bank_downtime,0
transaction,15337.38,115,NPA,0.6785,0,card_declined,0
loan,49371.26,15,SMA-0,0.5703,0,missed_emi,1
transaction,4018.26,4,SMA-0,0.7081,1,insufficient_funds,1
transaction,15437.51,90,SMA-1,0.7242,5,insufficient_funds,0
transaction,7106.62,91,SMA-2,0.7169,2,card_declined,0
transaction,3924.72,40,SMA-1,0.5258,4,insufficient_funds,0
loan,23961.96,45,SMA-2,0.2584,3,insufficient_funds,0
transaction,15979.8,86,SMA-2,0.782,2,insufficient_funds,0
loan,25918.24,71,SMA-2,0.6061,1,insufficient_funds,0
transaction,10981.7,21,SMA-0,0.354,1,card_declined,0
transaction,19905.61,1,SMA-0,0.4195,4,otp_failure,0
transaction,8282.63,41,SMA-1,0.4988,1,bank_downtime,0
transaction,12500.31,89,SMA-2,0.6512,2,card_declined,0
transaction,7622.26,96,NPA,0.2679,3,otp_failure,0
transaction,8159.32,109,NPA,0.7493,0,card_declined,0
transaction,14064.99,93,NPA,0.3367,2,card_declined,0
transaction,18788.8,52,SMA-1,0.1029,4,card_declined,1
transaction,11076.0,38,SMA-1,0.3461,4,bank_downtime,0
transaction,15483.8,76,SMA-2,0.3595,1,insufficient_funds,0
loan,9014.3,71,SMA-2,0.3763,3,insufficient_funds,0
loan,14502.11,47,SMA-1,0.3535,3,insufficient_funds,0
transaction,10291.57,6,Standard,0.4304,1,insufficient_funds,1
transaction,890.23,102,NPA,0.768,0,bank_downtime,0
transaction,5430.67,39,SMA-1,0.8558,0,otp_failure,1
loan,28283.06,30,SMA-0,0.5233,2,missed_emi,0
transaction,791.74,57,SMA-1,0.6636,1,bank_downtime,0
transaction,5658.65,63,SMA-2,0.6957,4,bank_downtime,0
transaction,10523.6,16,SMA-0,0.6489,0,insufficient_funds,0
transaction,11676.41,86,SMA-2,0.5382,3,insufficient_funds,0
transaction,18552.16,23,SMA-0,0.485,2,card_declined,0
loan,34040.55,14,SMA-0,0.8756,1,missed_emi,0
transaction,8587.35,34,SMA-0,0.5792,3,bank_downtime,0
loan,46865.8,70,SMA-2,0.5565,2,insufficient_funds,0
transaction,15805.22,111,SMA-2,0.7765,0,insufficient_funds,0
transaction,4400.17,81,SMA-2,0.4976,1,insufficient_funds,0
loan,10887.91,105,NPA,0.3828,4,insufficient_funds,0
transaction,13678.33,10,SMA-0,0.7627,1,card_declined,1
loan,30194.74,5,SMA-0,0.661,1,insufficient_funds,0
transaction,15898.64,49,SMA-1,0.5264,2,insufficient_funds,0
transaction,14906.7,23,SMA-0,0.6656,1,insufficient_funds,0
loan,33134.52,84,SMA-2,0.8125,1,missed_emi,0
transaction,19734.45,63,SMA-2,0.6383,2,card_declined,0
loan,29011.54,112,NPA,0.6426,1,missed_emi,0
transaction,2705.56,20,SMA-0,0.8344,0,card_declined,1
loan,42272.31,42,SMA-2,0.8354,0,insufficient_funds,0
transaction,5411.14,43,SMA-0,0.4466,2,insufficient_funds,0
transaction,15657.39,19,SMA-0,0.2758,4,bank_downtime,1
loan,48069.82,53,SMA-1,0.7028,1,missed_emi,0
loan,36355.8,37,SMA-1,0.5847,4,insufficient_funds,0
loan,31821.36,38,SMA-1,0.7146,0,missed_emi,0
loan,25717.38,30,Standard,0.7983,5,insufficient_funds,0
loan,21398.44,1,SMA-0,0.7656,1,missed_emi,1
transaction,7383.59,45,SMA-1,0.3354,4,card_declined,0
transaction,12909.27,27,SMA-0,0.8164,0,bank_downtime,0
transaction,15149.83,0,Standard,0.587,2,insufficient_funds,1
transaction,13731.08,25,Standard,0.5231,3,bank_downtime,0
transaction,4369.0,22,SMA-0,0.3658,4,otp_failure,0
transaction,10132.75,33,SMA-1,0.5209,2,otp_failure,0
transaction,15936.98,10,SMA-0,0.5914,2,insufficient_funds,0
loan,26406.68,44,SMA-1,0.1855,4,bank_downtime,0
transaction,10964.15,65,SMA-2,0.8201,2,card_declined,0
transaction,15537.15,57,SMA-2,0.8228,0,card_declined,0
transaction,13394.67,81,SMA-2,0.6747,1,insufficient_funds,0
loan,23420.52,38,SMA-1,0.4861,3,bank_downtime,0
loan,45293.57,45,SMA-1,0.7273,1,missed_emi,1
loan,12315.52,82,SMA-2,0.6159,1,insufficient_funds,0
transaction,19912.57,36,SMA-2,0.8921,0,bank_downtime,0
transaction,2817.63,66,SMA-2,0.7697,2,card_declined,0
transaction,791.52,37,SMA-1,0.4486,2,insufficient_funds,0
transaction,17855.37,35,SMA-1,0.7839,0,card_declined,0
transaction,5276.59,74,SMA-2,0.3544,3,card_declined,0
transaction,14729.14,13,SMA-0,0.9654,0,card_declined,0
transaction,16314.8,27,Standard,0.2444,3,bank_downtime,0
loan,43654.39,17,SMA-1,0.84,0,missed_emi,0
loan,49621.74,29,SMA-0,0.2277,3,insufficient_funds,0
transaction,6233.77,18,SMA-0,0.7688,1,insufficient_funds,0
transaction,14349.75,52,SMA-0,0.7139,0,bank_downtime,1
transaction,2750.3,80,SMA-2,0.4391,2,otp_failure,0
transaction,8432.78,78,SMA-2,0.425,0,otp_failure,0
loan,43158.73,30,SMA-0,0.5714,2,insufficient_funds,0
transaction,7669.33,117,NPA,0.5441,4,card_declined,0
loan,31599.29,53,SMA-1,0.7466,1,insufficient_funds,0
transaction,10323.58,33,SMA-1,0.2173,3,insufficient_funds,0
loan,34067.82,86,SMA-2,0.7998,0,missed_emi,0
transaction,19471.44,70,SMA-2,0.4788,1,card_declined,0
loan,7508.1,73,SMA-2,0.3727,2,bank_downtime,0
transaction,11692.25,15,SMA-0,0.3301,3,bank_downtime,0
loan,43836.3,40,SMA-1,0.7309,0,missed_emi,1
transaction,9886.96,90,SMA-2,0.2239,4,insufficient_funds,0
transaction,2031.28,44,SMA-1,0.9896,2,insufficient_funds,0
loan,30224.27,64,SMA-2,0.8993,0,missed_emi,0
loan,19943.33,53,SMA-2,0.6293,0,bank_downtime,1
loan,11972.38,87,SMA-2,0.2936,4,insufficient_funds,0
loan,43206.55,23,SMA-0,0.4407,0,missed_emi,0
loan,28471.98,51,SMA-2,0.8508,0,insufficient_funds,0
transaction,18698.89,9,SMA-0,0.6267,1,insufficient_funds,1
transaction,16217.32,65,NPA,0.8616,0,insufficient_funds,0
transaction,14012.95,70,SMA-2,0.8386,0,card_declined,0
loan,5226.15,3,SMA-0,0.7352,0,insufficient_funds,1
transaction,8842.56,63,SMA-2,0.1534,3,card_declined,0
transaction,4350.98,35,SMA-1,0.5556,3,insufficient_funds,0
transaction,18260.56,9,SMA-0,0.4365,2,insufficient_funds,0
loan,12856.28,35,SMA-1,0.6738,1,bank_downtime,0
transaction,6078.17,15,SMA-0,0.663,1,card_declined,0
transaction,10578.32,35,SMA-1,0.479,0,card_declined,0
transaction,5635.59,32,SMA-1,0.3933,3,insufficient_funds,0
transaction,4592.36,71,SMA-2,0.8128,0,card_declined,0
transaction,12182.44,76,SMA-2,0.5702,2,card_declined,0
loan,9001.83,55,SMA-1,0.7804,1,missed_emi,0
loan,7617.55,1,SMA-0,0.9198,1,bank_downtime,1
loan,21751.04,103,NPA,0.7748,1,bank_downtime,0
transaction,14552.96,64,SMA-2,0.4546,2,card_declined,0
loan,29966.3,2,SMA-0,0.8776,3,insufficient_funds,0
transaction,8746.09,83,NPA,0.6067,2,insufficient_funds,0
transaction,11532.16,15,SMA-0,0.3503,5,insufficient_funds,1
loan,21445.32,52,SMA-1,0.6739,3,missed_emi,0
transaction,18754.85,40,SMA-1,0.9298,0,insufficient_funds,0
transaction,1570.65,35,SMA-1,0.6545,1,card_declined,1
loan,35302.62,95,NPA,0.8126,1,insufficient_funds,0
transaction,17880.01,37,SMA-2,0.7214,1,otp_failure,0
loan,41174.81,5,SMA-0,0.8357,0,missed_emi,1
transaction,4088.8,107,NPA,0.6288,1,bank_downtime,0
loan,18316.69,101,NPA,0.5314,2,missed_emi,0
transaction,14482.43,64,SMA-2,0.3769,3,bank_downtime,0
transaction,2143.28,40,SMA-1,0.602,1,card_declined,0
loan,41533.78,7,SMA-0,0.5785,0,missed_emi,1
transaction,14518.69,79,SMA-2,0.9086,1,bank_downtime,0
transaction,14727.33,5,SMA-0,0.7848,2,card_declined,0
transaction,2454.71,5,SMA-0,0.8356,0,card_declined,1
transaction,14496.33,47,SMA-1,0.5197,2,insufficient_funds,1
transaction,13756.45,12,SMA-0,0.795,0,insufficient_funds,0
transaction,16702.99,0,Standard,0.8226,0,insufficient_funds,1
loan,6871.82,35,SMA-1,0.5032,1,missed_emi,0
transaction,950.66,10,SMA-0,0.6457,1,bank_downtime,1
transaction,7773.64,12,SMA-0,0.6851,0,insufficient_funds,0
transaction,3401.37,5,SMA-0,0.4879,2,insufficient_funds,1
transaction,11388.5,16,SMA-0,0.5134,2,card_declined,0
loan,46280.7,68,SMA-2,0.4894,4,insufficient_funds,0
transaction,8133.85,81,SMA-2,0.6483,1,insufficient_funds,0
loan,43022.77,38,SMA-1,0.6226,1,missed_emi,0
transaction,504.7,44,SMA-1,0.8381,4,otp_failure,0
loan,12583.16,2,Standard,0.5377,4,missed_emi,0
transaction,1093.26,5,SMA-0,0.6722,1,insufficient_funds,1
loan,19766.62,20,SMA-0,0.9151,0,insufficient_funds,0
transaction,18209.7,48,SMA-1,0.6594,1,insufficient_funds,0
transaction,2390.57,71,SMA-2,0.1261,3,card_declined,0
transaction,12324.99,55,SMA-1,0.6879,1,insufficient_funds,0
transaction,9304.17,32,SMA-1,0.6219,1,card_declined,0
loan,47231.07,9,SMA-0,0.5761,3,insufficient_funds,1
transaction,2889.12,77,SMA-2,0.6171,1,insufficient_funds,0
transaction,4634.54,30,SMA-0,0.7519,2,card_declined,0
loan,6329.39,71,SMA-1,0.9068,0,missed_emi,0
transaction,8961.74,44,SMA-0,0.6938,1,insufficient_funds,0
loan,17502.48,71,SMA-2,0.7154,1,missed_emi,0
loan,44145.77,98,NPA,0.4127,2,insufficient_funds,0
transaction,12296.35,101,NPA,0.6156,0,card_declined,0
loan,32634.08,47,SMA-1,0.5581,2,missed_emi,0
transaction,10872.26,44,SMA-1,0.7708,1,card_declined,0
transaction,2291.08,21,SMA-0,0.5896,2,otp_failure,1
transaction,9177.86,104,SMA-2,0.882,0,card_declined,0
transaction,19990.35,39,SMA-1,0.6105,1,insufficient_funds,0
loan,42585.32,9,Standard,0.7118,0,insufficient_funds,1
loan,45205.66,36,SMA-2,0.3575,3,missed_emi,0
transaction,16552.91,9,SMA-0,0.7489,1,otp_failure,1
transaction,2509.31,43,SMA-1,0.583,2,insufficient_funds,0
loan,15235.17,50,SMA-1,0.419,2,missed_emi,0
transaction,560.87,27,SMA-0,0.1887,4,card_declined,0
transaction,6418.45,5,SMA-0,0.7314,2,otp_failure,0
transaction,2617.84,106,NPA,0.2891,2,insufficient_funds,0
loan,26275.7,76,SMA-2,0.3073,3,insufficient_funds,0
transaction,13703.99,86,SMA-2,0.7014,1,card_declined,0
loan,44352.74,30,SMA-0,0.3544,5,insufficient_funds,0
loan,38714.77,74,SMA-2,0.7179,1,insufficient_funds,0
transaction,18802.42,42,SMA-1,0.8499,1,otp_failure,0
transaction,1551.02,15,SMA-0,0.8096,2,insufficient_funds,1
loan,5548.09,9,SMA-1,0.8932,0,insufficient_funds,1
transaction,13396.09,28,SMA-0,0.371,3,insufficient_funds,0
loan,18020.86,10,SMA-0,0.6702,1,missed_emi,1
loan,16407.55,120,NPA,0.7944,0,insufficient_funds,0
loan,19889.92,3,SMA-0,0.4436,2,insufficient_funds,1
loan,17140.82,37,SMA-1,0.7912,1,insufficient_funds,0
loan,28014.64,38,SMA-1,0.8202,0,missed_emi,0
loan,24806.68,24,SMA-0,0.6036,0,insufficient_funds,0
transaction,10492.36,51,SMA-1,0.7666,2,otp_failure,0
transaction,13617.92,11,SMA-1,0.6812,3,insufficient_funds,0
transaction,8049.04,78,SMA-2,0.3899,3,insufficient_funds,0
loan,16308.85,27,SMA-0,0.229,1,bank_downtime,1
transaction,3740.91,53,SMA-1,0.6711,2,insufficient_funds,0
loan,20726.34,68,NPA,0.8277,0,missed_emi,0
transaction,14965.23,95,NPA,0.4846,2,insufficient_funds,0
loan,39051.72,86,SMA-1,0.1972,4,missed_emi,0
transaction,13504.66,55,SMA-1,0.5706,3,insufficient_funds,0
loan,15531.27,32,SMA-1,0.5613,1,missed_emi,1
transaction,11967.68,43,SMA-1,0.7389,0,insufficient_funds,0
transaction,11628.45,75,SMA-2,0.5281,2,insufficient_funds,0
transaction,9943.19,93,NPA,0.9476,0,otp_failure,1
loan,29749.05,8,Standard,0.3684,4,missed_emi,1
transaction,10089.92,32,SMA-1,0.8064,2,card_declined,0
transaction,11526.4,76,SMA-2,0.649,2,insufficient_funds,0
loan,37197.77,36,SMA-1,0.926,0,bank_downtime,0
loan,9933.27,27,SMA-0,0.808,1,missed_emi,0
loan,38733.16,34,SMA-1,0.8167,0,insufficient_funds,0
transaction,3149.78,54,SMA-1,0.6333,3,otp_failure,0
transaction,1799.25,120,NPA,0.9174,0,insufficient_funds,0
loan,48923.59,42,SMA-1,0.6611,0,bank_downtime,0
transaction,19161.34,16,SMA-0,0.3013,4,card_declined,0
loan,7719.64,12,Standard,0.8174,1,bank_downtime,0
transaction,9143.44,3,SMA-0,0.4451,3,card_declined,0
transaction,4131.78,49,SMA-0,0.6294,0,bank_downtime,1
transaction,9964.23,48,SMA-1,0.9467,2,bank_downtime,0
transaction,16688.46,16,SMA-0,0.4026,2,bank_downtime,1
transaction,19036.93,65,SMA-2,0.3073,3,bank_downtime,0
transaction,12867.93,72,SMA-2,0.7917,1,insufficient_funds,0
loan,20925.76,20,Standard,0.3749,4,insufficient_funds,0
transaction,12264.85,28,SMA-0,0.841,0,insufficient_funds,0
loan,19040.06,118,NPA,0.2154,2,missed_emi,0
loan,45942.06,31,SMA-1,0.3027,3,missed_emi,0
transaction,17472.81,74,SMA-2,0.674,2,card_declined,0
transaction,11385.52,38,SMA-0,0.5397,1,card_declined,1
loan,19615.95,79,SMA-2,0.3709,2,missed_emi,0
loan,18202.54,75,SMA-2,0.5262,2,missed_emi,0
loan,6503.81,62,SMA-2,0.5552,2,bank_downtime,1
loan,41711.94,89,NPA,0.713,0,insufficient_funds,0
loan,25267.24,105,NPA,0.8618,2,bank_downtime,0
transaction,6840.09,52,SMA-1,0.3201,2,otp_failure,0
transaction,9686.65,19,SMA-0,0.4252,2,card_declined,0
loan,41843.21,33,SMA-1,0.68,1,missed_emi,0
transaction,2929.98,74,SMA-1,0.4512,2,insufficient_funds,0
loan,43594.52,60,SMA-0,0.7679,1,missed_emi,0
transaction,18001.42,14,SMA-0,0.376,4,insufficient_funds,1
transaction,18960.8,3,SMA-0,0.6753,1,insufficient_funds,0
loan,22886.96,64,SMA-2,0.421,2,insufficient_funds,0
transaction,4734.24,20,SMA-0,0.5028,2,card_declined,1
